,온도,습도,풍속,풍향,조도,자외선,소음,진동,흑구온도,이산화질소,일산화탄소,이산화황,암모니아,황화수소,오존
OC3CL200304,True,True,False,False,False,False,False,False,False,False,False,False,False,False,False
OC3CL200305,True,True,False,False,False,False,False,False,False,False,False,False,False,False,False
OC3CL200012,True,True,False,False,False,True,True,False,True,False,False,False,True,True,True
OC3CL200013,True,True,False,False,False,True,True,False,False,False,False,False,True,True,True
OC3CL200014,True,True,False,False,False,True,True,False,True,False,False,False,True,True,True
OC3CL200016,True,True,False,False,False,True,True,False,True,False,False,False,False,False,True
OC3CL200019,True,True,False,False,False,True,True,False,True,False,False,False,False,False,True
OC3CL200025,True,True,False,False,False,False,True,False,False,False,False,False,False,False,True
OC3CL200026,True,True,False,False,False,False,True,False,False,False,False,False,False,False,True
OC3CL200027,True,True,False,False,False,False,True,False,False,False,False,False,False,False,True
OC3CL200028,True,True,False,False,False,False,True,False,False,False,False,False,False,False,True
OC3CL200029,True,True,False,False,False,False,True,False,False,False,False,False,False,False,True
OC3CL200030,True,True,False,False,False,False,True,False,False,False,False,False,False,False,True
OC3CL200034,True,True,False,False,False,False,True,False,False,False,False,False,False,False,True
OC3CL200035,True,True,False,False,False,False,True,False,False,False,False,False,False,False,False
OC3CL200036,True,True,False,False,False,False,True,False,False,False,False,False,False,False,False
OC3CL200037,True,True,False,False,False,False,True,False,False,False,False,False,False,False,True
OC3CL200038,True,True,False,False,False,False,True,False,False,False,False,False,False,False,True
OC3CL200039,True,True,False,False,False,False,True,False,False,False,False,False,False,False,True
OC3CL200040,True,True,False,False,False,False,True,False,False,False,False,False,False,False,True
OC3CL200041,True,True,False,False,False,False,True,False,False,False,False,False,False,False,True
OC3CL200042,True,True,False,False,False,False,True,False,False,False,False,False,False,False,True
OC3CL200043,True,True,False,False,False,False,True,False,False,False,False,False,False,False,True
OC3CL200044,True,True,False,False,False,False,True,False,False,False,False,False,False,False,True
OC3CL200045,True,True,False,False,False,False,True,False,False,False,False,False,False,False,True
OC3CL200046,True,True,False,False,False,False,True,False,False,False,False,False,False,False,True
OC3CL200047,True,True,False,False,False,False,True,False,False,False,False,False,False,False,True
OC3CL200048,True,True,False,False,False,False,True,False,False,False,False,False,False,False,True
OC3CL200049,True,True,False,False,False,False,True,False,False,False,False,False,False,False,True
OC3CL200050,True,True,False,False,False,False,True,False,False,False,False,False,False,False,True
OC3CL200051,True,True,False,False,False,False,True,False,False,False,False,False,False,False,True
OC3CL200052,True,True,False,False,False,False,True,False,False,False,False,False,False,False,True
OC3CL200053,True,True,False,False,False,False,True,False,False,False,False,False,False,False,True
OC3CL200057,True,True,False,False,False,False,True,False,False,False,False,False,False,False,True
OC3CL200058,True,True,False,False,False,False,True,False,False,False,False,False,False,False,True
OC3CL200059,True,True,False,False,False,False,True,False,False,False,False,False,False,False,True
OC3CL200063,True,True,False,False,False,False,False,False,False,False,False,False,False,False,True
OC3CL200064,True,True,False,False,True,True,True,False,False,False,False,False,True,True,True
OC3CL200066,True,True,False,False,True,True,True,False,False,False,False,False,False,False,True
OC3CL200067,True,True,False,False,True,True,True,False,False,False,False,False,False,False,True
OC3CL200069,True,True,False,False,True,True,True,False,False,False,False,False,False,False,False
OC3CL200080,True,True,False,False,True,False,True,False,False,False,False,False,False,False,True
OC3CL200082,True,True,False,False,True,False,True,False,False,False,False,False,False,False,True
OC3CL200087,True,True,False,False,True,False,True,False,False,False,False,False,False,False,True
OC3CL200088,True,True,False,False,True,False,True,False,False,False,False,False,False,False,True
OC3CL200089,True,True,False,False,True,False,True,False,False,False,False,False,False,False,True
OC3CL200090,True,True,False,False,False,False,True,False,False,False,False,False,False,False,True
OC3CL200091,True,True,False,False,False,False,True,False,False,False,False,False,False,False,True
OC3CL200092,True,True,False,False,False,False,True,False,False,False,False,False,False,False,True
OC3CL200093,True,True,False,False,False,False,True,False,False,False,False,False,False,False,True
OC3CL200094,True,True,False,False,False,False,True,False,False,False,False,False,False,False,True
OC3CL200097,True,True,False,False,False,False,True,False,False,False,False,False,False,False,True
OC3CL200100,True,True,False,False,False,False,True,False,False,False,False,False,False,False,True
OC3CL200104,True,True,False,False,False,False,True,False,False,False,False,False,False,False,True
OC3CL200105,True,True,False,False,False,False,True,False,False,False,False,False,False,False,True
OC3CL200109,True,True,False,False,False,False,True,False,False,False,False,False,False,False,True
OC3CL200111,True,True,False,False,False,False,True,False,False,False,False,False,False,False,True
OC3CL200113,True,True,False,False,False,False,True,False,False,False,False,False,False,False,True
OC3CL200115,True,True,False,False,False,False,True,False,False,False,False,False,False,False,True
OC3CL200121,True,True,False,False,False,False,True,False,False,False,False,False,False,False,True
OC3CL200122,True,True,False,False,False,False,True,False,False,False,False,False,False,False,True
OC3CL200124,True,True,False,False,False,False,True,False,False,False,False,False,False,False,True
OC3CL200125,True,True,False,False,False,False,True,False,False,False,False,False,False,False,True
OC3CL200126,True,True,False,False,False,False,True,False,False,False,False,False,False,False,True
OC3CL200127,True,True,False,False,False,False,True,False,False,False,False,False,False,False,True
OC3CL200128,True,True,False,False,False,False,True,False,False,False,False,False,False,False,True
OC3CL200129,True,True,False,False,False,False,True,False,False,False,False,False,False,False,True
OC3CL200130,True,True,False,False,False,False,True,False,False,False,False,False,False,False,True
OC3CL200132,True,True,False,False,False,False,True,False,False,False,False,False,False,False,True
OC3CL200133,True,True,False,False,False,False,True,False,False,False,False,False,False,False,True
OC3CL200134,True,True,False,False,False,False,True,False,False,False,False,False,False,False,True
OC3CL200135,True,True,True,True,False,False,True,False,False,False,False,False,True,True,True
OC3CL200137,True,True,True,True,False,False,True,False,False,False,False,False,True,True,True
OC3CL200139,True,True,True,True,False,False,True,False,False,False,False,False,True,True,True
OC3CL200140,True,True,True,True,False,False,True,False,False,False,False,False,False,False,True
OC3CL200141,True,True,True,True,False,False,True,False,False,False,False,False,False,False,True
OC3CL200142,True,True,True,True,False,False,True,False,False,False,False,False,False,False,True
OC3CL200144,True,True,True,True,False,False,True,False,False,False,False,False,False,False,True
OC3CL200145,True,True,True,True,False,False,True,False,False,False,False,False,False,False,True
OC3CL200151,True,True,True,True,False,False,True,False,False,False,False,False,False,False,True
OC3CL200152,True,True,True,True,False,False,True,False,False,False,False,False,False,False,False
OC3CL200153,True,True,True,True,False,False,True,False,False,False,False,False,False,False,True
OC3CL200154,True,True,True,True,False,False,True,False,False,False,False,False,False,False,False
OC3CL200155,True,True,False,False,False,False,True,True,False,True,True,True,False,False,True
OC3CL200157,True,True,False,False,False,False,True,True,False,True,True,True,False,False,True
OC3CL200159,True,True,False,False,False,False,True,True,False,True,True,True,False,False,True
OC3CL200160,True,True,False,False,False,False,True,True,False,True,True,True,False,False,True
OC3CL200161,True,True,False,False,False,False,True,True,False,True,True,True,False,False,True
OC3CL200165,True,True,False,False,False,False,True,True,False,True,True,True,False,False,True
OC3CL200166,True,True,False,False,False,False,True,True,False,True,True,True,False,False,True
OC3CL200167,True,True,False,False,False,False,True,True,False,True,True,True,False,False,True
OC3CL200168,True,True,False,False,False,False,True,True,False,True,True,True,False,False,False
OC3CL200169,True,True,False,False,False,False,True,True,False,True,True,True,False,False,False
OC3CL200170,True,True,False,False,False,False,True,True,False,False,False,False,False,False,True
OC3CL200172,True,True,False,False,False,False,True,True,False,False,False,False,False,False,True
OC3CL200173,True,True,False,False,False,False,True,True,False,False,False,False,False,False,True
OC3CL200174,True,True,False,False,False,False,True,True,False,False,False,False,False,False,True
OC3CL200175,True,True,False,False,False,False,True,False,False,False,False,False,False,False,True
OC3CL200176,True,True,False,False,False,False,True,False,False,False,False,False,False,False,True
OC3CL200177,True,True,False,False,False,False,True,False,False,False,False,False,False,False,True
OC3CL200178,True,True,False,False,False,False,True,False,False,False,False,False,False,False,True
OC3CL200179,True,True,False,False,False,False,True,False,False,False,False,False,False,False,True
OC3CL200180,True,True,False,False,False,False,True,False,False,False,False,False,False,False,True
OC3CL200181,True,True,False,False,False,False,True,False,False,False,False,False,False,False,True
OC3CL200182,True,True,False,False,False,False,True,False,False,False,False,False,False,False,True
OC3CL200183,True,True,False,False,False,False,True,False,False,False,False,False,False,False,True
OC3CL200184,True,True,False,False,False,False,True,False,False,False,False,False,False,False,True
OC3CL200185,True,True,False,False,False,False,True,False,False,False,False,False,False,False,True
OC3CL200186,True,True,False,False,False,False,True,False,False,False,False,False,False,False,False
OC3CL200187,True,True,False,False,False,False,True,False,False,False,False,False,False,False,True
OC3CL200188,True,True,False,False,False,False,True,False,False,False,False,False,False,False,True
OC3CL200189,True,True,False,False,False,False,True,False,False,False,False,False,False,False,True
OC3CL200190,True,True,False,False,False,False,True,False,False,False,False,False,False,False,True
OC3CL200191,True,True,False,False,False,False,True,False,False,False,False,False,False,False,True
OC3CL200192,True,True,False,False,False,False,True,False,False,False,False,False,False,False,True
OC3CL200193,True,True,False,False,False,False,True,False,False,False,False,False,False,False,True
OC3CL200201,True,True,False,False,False,False,True,False,False,False,False,False,False,False,True
OC3CL200202,True,True,False,False,False,False,True,False,False,False,False,False,False,False,False
OC3CL200203,True,True,False,False,False,False,True,False,False,False,False,False,False,False,True
OC3CL200204,True,True,False,False,False,False,True,False,False,False,False,False,False,False,False
OC3CL200206,True,True,False,False,False,False,True,False,False,True,True,True,True,True,True
OC3CL200209,True,True,False,False,False,False,True,False,False,True,True,True,True,True,False
OC3CL200210,True,True,False,False,False,False,True,False,False,False,False,False,False,False,False
OC3CL200211,True,True,False,False,False,False,True,False,False,False,False,False,False,False,True
OC3CL200212,True,True,False,False,False,False,True,False,False,False,False,False,False,False,True
OC3CL200213,True,True,False,False,False,False,True,False,False,False,False,False,False,False,True
OC3CL200219,True,True,False,False,False,False,True,False,False,False,False,False,False,False,True
OC3CL200220,True,True,False,False,False,False,True,False,False,False,False,False,False,False,True
OC3CL200221,True,True,False,False,False,False,True,False,False,False,False,False,False,False,True
OC3CL200225,True,True,False,False,False,False,True,False,False,False,False,False,False,False,True
OC3CL200259,True,True,True,True,True,True,True,True,False,True,True,True,True,True,True
OC3CL210099,True,True,False,False,True,True,True,True,False,True,True,True,False,False,True
OC3CL210100,False,False,False,False,True,True,True,True,False,True,True,True,False,False,True
OC3CL210101,True,True,False,False,True,True,True,True,False,True,True,True,False,False,True
OC3CL210102,True,True,False,False,True,True,True,True,False,True,True,True,False,False,True
OC3CL210103,True,True,False,False,True,True,True,True,False,True,True,True,False,False,True
OC3CL210104,True,True,False,False,True,True,True,True,False,True,True,True,False,False,True
OC3CL210105,True,True,False,False,True,True,True,True,False,True,True,True,False,False,True
OC3CL210106,True,True,False,False,True,True,True,True,False,True,True,True,False,False,True
OC3CL210107,True,True,False,False,True,True,True,True,False,True,True,True,False,False,True
OC3CL210108,True,True,False,False,True,True,True,True,False,True,True,True,False,False,True
OC3CL210109,True,True,False,False,True,True,True,True,False,True,True,True,False,False,True
OC3CL210110,True,True,False,False,True,True,True,True,False,True,True,True,False,False,True
OC3CL210111,True,True,False,False,True,True,True,True,False,True,True,True,False,False,True
OC3CL210112,True,True,False,False,True,True,True,True,False,True,True,True,False,False,True
OC3CL210113,True,True,False,False,True,True,True,True,False,True,True,True,False,False,True
OC3CL210114,True,True,False,False,True,True,True,True,False,True,True,True,False,False,True
OC3CL210115,True,True,False,False,True,True,True,True,False,True,True,True,False,False,True
OC3CL200323,True,True,False,False,True,True,True,True,False,True,True,True,False,False,True
V02Q1940053,True,True,False,False,True,True,True,True,False,False,False,False,False,False,True
V02Q1940057,True,True,False,False,True,True,True,True,False,False,False,False,False,False,True
V02Q1940061,True,True,False,False,True,True,True,True,False,False,False,False,False,False,True
V02Q1940072,True,True,False,False,True,True,True,True,False,False,False,False,False,False,True
V02Q1940074,True,True,False,False,True,True,True,True,False,False,False,False,False,False,True
V02Q1940075,True,True,False,False,True,True,True,True,False,False,False,False,False,False,True
V02Q1940076,True,True,False,False,True,True,True,True,False,False,False,False,False,False,True
V02Q1940077,True,True,False,False,True,True,True,True,False,False,False,False,False,False,True
V02Q1940090,True,True,False,False,True,True,True,True,False,False,False,False,False,False,True
V02Q1940091,True,True,False,False,True,True,True,True,False,False,False,False,False,False,True
V02Q1940093,True,True,False,False,True,True,True,True,False,False,False,False,False,False,True
V02Q1940103,True,True,False,False,True,True,True,True,False,False,False,False,False,False,True
V02Q1940107,True,True,False,False,True,True,True,True,False,False,False,False,False,False,True
V02Q1940110,True,True,False,False,True,True,True,True,False,False,False,False,False,False,True
V02Q1940121,True,True,False,False,True,True,True,True,False,False,False,False,False,False,True
V02Q1940127,True,True,False,False,True,True,True,True,False,False,False,False,False,False,True
V02Q1940128,True,True,False,False,True,True,True,True,False,False,False,False,False,False,True
V02Q1940132,True,True,False,False,True,True,True,True,False,False,False,False,False,False,True
V02Q1940135,True,True,False,False,True,True,True,True,False,False,False,False,False,False,True
V02Q1940137,True,True,False,False,True,True,True,True,False,False,False,False,False,False,True
V02Q1940139,True,True,False,False,True,True,True,True,False,False,False,False,False,False,True
V02Q1940140,True,True,False,False,True,True,True,True,False,False,False,False,False,False,True
V02Q1940142,True,True,False,False,True,True,True,True,False,False,False,False,False,False,True
V02Q1940146,True,True,False,False,True,True,True,True,False,False,False,False,False,False,True
V02Q1940150,True,True,False,False,True,True,True,True,False,False,False,False,False,False,True
V02Q1940151,True,True,False,False,True,True,True,True,False,False,False,False,False,False,True
V02Q1940153,True,True,False,False,True,True,True,True,False,False,False,False,False,False,True
V02Q1940154,True,True,False,False,True,True,True,True,False,False,False,False,False,False,True
V02Q1940157,True,True,False,False,True,True,True,True,False,False,False,False,False,False,True
V02Q1940159,True,True,False,False,True,True,True,True,False,False,False,False,False,False,False
V02Q1940168,True,True,False,False,True,True,True,True,False,False,False,False,False,False,True
V02Q1940169,True,True,False,False,True,True,True,True,False,False,False,False,False,False,True
V02Q1940170,True,True,False,False,True,True,True,True,False,False,False,False,False,False,True
V02Q1940171,True,True,False,False,True,True,True,True,False,False,False,False,False,False,True
V02Q1940172,True,True,False,False,True,True,True,True,False,False,False,False,False,False,False
V02Q1940174,True,True,False,False,True,True,True,True,False,False,False,False,False,False,True
V02Q1940176,True,True,False,False,True,True,True,True,False,False,False,False,False,False,False
V02Q1940181,True,True,False,False,True,True,True,True,False,False,False,False,False,False,True
V02Q1940183,True,True,False,False,True,True,True,True,False,False,False,False,False,False,True
V02Q1940184,True,True,False,False,True,True,True,True,False,False,False,False,False,False,True
V02Q1940185,True,True,False,False,True,True,True,True,False,False,False,False,False,False,True
V02Q1940186,True,True,False,False,True,True,True,True,False,False,False,False,False,False,True
V02Q1940188,True,True,False,False,True,True,True,True,False,False,False,False,False,False,True
V02Q1940191,True,True,False,False,True,True,True,True,False,False,False,False,False,False,True
V02Q1940195,True,True,False,False,True,True,True,True,False,False,False,False,False,False,True
V02Q1940196,True,True,False,False,True,True,True,True,False,False,False,False,False,False,True
V02Q1940198,True,True,False,False,True,True,True,True,False,False,False,False,False,False,True
V02Q1940199,True,True,False,False,True,True,True,True,False,False,False,False,False,False,True
V02Q1940203,True,True,False,False,True,True,True,True,False,False,False,False,False,False,True
V02Q1940205,True,True,False,False,True,True,True,True,False,False,False,False,False,False,True
V02Q1940207,True,True,False,False,True,True,True,True,False,False,False,False,False,False,True
V02Q1940208,True,True,False,False,True,True,True,True,False,False,False,False,False,False,True
V02Q1940210,True,True,False,False,True,True,True,True,False,False,False,False,False,False,True
V02Q1940215,True,True,False,False,True,True,True,True,False,False,False,False,False,False,True
V02Q1940216,True,True,False,False,True,True,True,True,False,False,False,False,False,False,True
V02Q1940217,True,True,False,False,True,True,True,True,False,False,False,False,False,False,True
V02Q1940218,True,True,False,False,True,True,True,True,False,False,False,False,False,False,True
V02Q1940219,True,True,False,False,True,True,True,True,False,False,False,False,False,False,True
V02Q1940220,True,True,False,False,True,True,True,True,False,False,False,False,False,False,True
V02Q1940221,True,True,False,False,True,True,True,True,False,False,False,False,False,False,True
V02Q1940222,True,True,False,False,True,True,True,True,False,False,False,False,False,False,True
V02Q1940223,True,True,False,False,True,True,True,True,False,False,False,False,False,False,True
V02Q1940225,True,True,False,False,True,True,True,True,False,False,False,False,False,False,True
V02Q1940226,True,True,False,False,True,True,True,True,False,False,False,False,False,False,True
V02Q1940231,True,True,False,False,True,True,True,True,False,False,False,False,False,False,False
V02Q1940232,True,True,False,False,True,True,True,True,False,False,False,False,False,False,True
V02Q1940233,True,True,False,False,True,True,True,True,False,False,False,False,False,False,False
V02Q1940234,True,True,False,False,True,True,True,True,False,False,False,False,False,False,True
V02Q1940235,True,True,False,False,True,True,True,True,False,False,False,False,False,False,False
V02Q1940237,True,True,False,False,True,True,True,True,False,False,False,False,False,False,True
V02Q1940238,True,True,False,False,True,True,True,True,False,False,False,False,False,False,True
V02Q1940241,True,True,False,False,True,True,True,True,False,False,False,False,False,False,True
V02Q1940242,True,True,False,False,True,True,True,True,False,False,False,False,False,False,True
V02Q1940243,True,True,False,False,True,True,True,True,False,False,False,False,False,False,True
V02Q1940244,True,True,False,False,True,True,True,True,False,False,False,False,False,False,True
V02Q1940245,True,True,False,False,True,True,True,True,False,False,False,False,False,False,True
V02Q1940247,True,True,False,False,True,True,True,True,False,False,False,False,False,False,True
V02Q1940248,True,True,False,False,True,True,True,True,False,False,False,False,False,False,True
V02Q1940250,True,True,False,False,True,True,True,True,False,False,False,False,False,False,True
V02Q1940251,True,True,False,False,True,True,True,True,False,False,False,False,False,False,True
V02Q1940252,True,True,False,False,True,True,True,True,False,False,False,False,False,False,True
V02Q1940253,True,True,False,False,True,True,True,True,False,False,False,False,False,False,True
V02Q1940254,True,True,False,False,True,True,True,True,False,False,False,False,False,False,False
V02Q1940255,True,True,False,False,True,True,True,True,False,False,False,False,False,False,False
V02Q1940256,True,True,False,False,True,True,True,True,False,False,False,False,False,False,True
V02Q1940257,True,True,False,False,True,True,True,True,False,False,False,False,False,False,True
V02Q1940260,True,True,False,False,True,True,True,True,False,False,False,False,False,False,True
V02Q1940262,True,True,False,False,True,True,True,True,False,False,False,False,False,False,True
V02Q1940264,True,True,False,False,True,True,True,True,False,False,False,False,False,False,True
V02Q1940265,True,True,False,False,True,True,True,True,False,False,False,False,False,False,True
V02Q1940266,True,True,False,False,True,True,True,True,False,False,False,False,False,False,True
V02Q1940267,True,True,False,False,True,True,True,True,False,False,False,False,False,False,True
V02Q1940269,True,True,False,False,True,True,True,True,False,False,False,False,False,False,True
V02Q1940271,True,True,False,False,True,True,True,True,False,False,False,False,False,False,True
V02Q1940272,True,True,False,False,True,True,True,True,False,False,False,False,False,False,True
V02Q1940275,True,True,False,False,True,True,True,True,False,False,False,False,False,False,True
V02Q1940277,True,True,False,False,True,True,True,True,False,False,False,False,False,False,True
V02Q1940281,True,True,False,False,True,True,True,True,False,False,False,False,False,False,True
V02Q1940290,True,True,False,False,True,True,True,True,False,False,False,False,False,False,True
V02Q1940291,True,True,False,False,True,True,True,True,False,False,False,False,False,False,True
V02Q1940298,True,True,False,False,True,True,True,True,False,False,False,False,False,False,True
V02Q1940299,True,True,False,False,True,True,True,True,False,False,False,False,False,False,True
V02Q1940300,True,True,False,False,True,True,True,True,False,False,False,False,False,False,True
V02Q1940303,True,True,False,False,True,True,True,True,False,False,False,False,False,False,True
V02Q1940306,True,True,False,False,True,True,True,True,False,False,False,False,False,False,True
V02Q1940311,True,True,False,False,True,True,True,True,False,False,False,False,False,False,False
V02Q1940314,True,True,False,False,True,True,True,True,False,False,False,False,False,False,True
V02Q1940317,True,True,False,False,True,True,True,True,False,False,False,False,False,False,True
V02Q1940320,True,True,False,False,True,True,True,True,False,False,False,False,False,False,True
V02Q1940321,True,True,False,False,True,True,True,True,False,False,False,False,False,False,True
V02Q1940323,True,True,False,False,True,True,True,True,False,False,False,False,False,False,True
V02Q1940324,True,True,False,False,True,True,True,True,False,False,False,False,False,False,True
V02Q1940325,True,True,False,False,True,True,True,True,False,False,False,False,False,False,True
V02Q1940326,True,True,False,False,True,True,True,True,False,False,False,False,False,False,True
V02Q1940329,True,True,False,False,True,True,True,True,False,False,False,False,False,False,True
V02Q1940331,True,True,False,False,True,True,True,True,False,False,False,False,False,False,False
V02Q1940332,True,True,False,False,True,True,True,True,False,False,False,False,False,False,True
V02Q1940333,True,True,False,False,True,True,True,True,False,False,False,False,False,False,True
V02Q1940334,True,True,False,False,True,True,True,True,False,False,False,False,False,False,True
V02Q1940336,True,True,False,False,True,True,True,True,False,False,False,False,False,False,False
V02Q1940337,True,True,False,False,True,True,True,True,False,False,False,False,False,False,True
V02Q1940338,True,True,False,False,True,True,True,True,False,False,False,False,False,False,True
V02Q1940339,True,True,False,False,True,True,True,True,False,False,False,False,False,False,True
V02Q1940340,True,True,False,False,True,True,True,True,False,False,False,False,False,False,True
V02Q1940341,True,True,False,False,True,True,True,True,False,False,False,False,False,False,False
V02Q1940342,True,True,False,False,True,True,True,True,False,False,False,False,False,False,True
V02Q1940343,True,True,False,False,True,True,True,True,False,False,False,False,False,False,True
V02Q1940345,True,True,False,False,True,True,True,True,False,False,False,False,False,False,True
V02Q1940346,True,True,False,False,True,True,True,True,False,False,False,False,False,False,True
V02Q1940347,True,True,False,False,True,True,True,True,False,False,False,False,False,False,False
V02Q1940349,True,True,False,False,True,True,True,True,False,False,False,False,False,False,True
V02Q1940350,True,True,False,False,True,True,True,True,False,False,False,False,False,False,True
V02Q1940352,True,True,False,False,True,True,True,True,False,False,False,False,False,False,True
V02Q1940353,True,True,False,False,True,True,True,True,False,False,False,False,False,False,True
V02Q1940354,True,True,False,False,True,True,True,True,False,False,False,False,False,False,True
V02Q1940355,True,True,False,False,True,True,True,True,False,False,False,False,False,False,True
V02Q1940358,True,True,False,False,True,True,True,True,False,False,False,False,False,False,True
V02Q1940359,True,True,False,False,True,True,True,True,False,False,False,False,False,False,True
V02Q1940360,True,True,False,False,True,True,True,True,False,False,False,False,False,False,True
V02Q1940369,True,True,False,False,True,True,True,True,False,False,False,False,False,False,True
V02Q1940370,True,True,False,False,True,True,True,True,False,False,False,False,False,False,True
V02Q1940372,True,True,False,False,True,True,True,True,False,False,False,False,False,False,True
V02Q1940373,True,True,False,False,True,True,True,True,False,False,False,False,False,False,False
V02Q1940374,True,True,False,False,True,True,True,True,False,False,False,False,False,False,True
V02Q1940377,True,True,False,False,True,True,True,True,False,False,False,False,False,False,False
V02Q1940378,True,True,False,False,True,True,True,True,False,False,False,False,False,False,True
V02Q1940386,True,True,False,False,True,True,True,True,False,False,False,False,False,False,True
V02Q1940390,True,True,False,False,True,True,True,True,False,False,False,False,False,False,True
V02Q1940394,True,True,False,False,True,True,True,True,False,False,False,False,False,False,True
V02Q1940404,True,True,False,False,True,True,True,True,False,False,False,False,False,False,True
V02Q1940405,True,True,False,False,True,True,True,True,False,False,False,False,False,False,True
V02Q1940407,True,True,False,False,True,True,True,True,False,False,False,False,False,False,True
V02Q1940409,True,True,False,False,True,True,True,True,False,False,False,False,False,False,True
V02Q1940410,True,True,False,False,True,True,True,True,False,False,False,False,False,False,True
V02Q1940414,True,True,False,False,True,True,True,True,False,False,False,False,False,False,True
V02Q1940417,True,True,False,False,True,True,True,True,False,False,False,False,False,False,True
V02Q1940428,True,True,False,False,True,True,True,True,False,False,False,False,False,False,True
V02Q1940429,True,True,False,False,True,True,True,True,False,False,False,False,False,False,True
V02Q1940430,True,True,False,False,True,True,True,True,False,False,False,False,False,False,True
V02Q1940431,True,True,False,False,True,True,True,True,False,False,False,False,False,False,True
V02Q1940434,True,True,False,False,True,True,True,True,False,False,False,False,False,False,True
V02Q1940435,True,True,False,False,True,True,True,True,False,False,False,False,False,False,True
V02Q1940436,True,True,False,False,True,True,True,True,False,False,False,False,False,False,False
V02Q1940437,True,True,False,False,True,True,True,True,False,False,False,False,False,False,True
V02Q1940438,True,True,False,False,True,True,True,True,False,False,False,False,False,False,True
V02Q1940440,True,True,False,False,True,True,True,True,False,False,False,False,False,False,True
V02Q1940444,True,True,False,False,True,True,True,True,False,False,False,False,False,False,True
V02Q1940445,True,True,False,False,True,True,True,True,False,False,False,False,False,False,True
V02Q1940446,True,True,False,False,True,True,True,True,False,False,False,False,False,False,True
V02Q1940448,True,True,False,False,True,True,True,True,False,False,False,False,False,False,True
V02Q1940452,True,True,False,False,True,True,True,True,False,False,False,False,False,False,True
V02Q1940458,True,True,False,False,True,True,True,True,False,False,False,False,False,False,True
V02Q1940462,True,True,False,False,True,True,True,True,False,False,False,False,False,False,True
V02Q1940465,True,True,False,False,True,True,True,True,False,False,False,False,False,False,True
V02Q1940468,True,True,False,False,True,True,True,True,False,False,False,False,False,False,True
V02Q1940474,True,True,False,False,True,True,True,True,False,False,False,False,False,False,True
V02Q1940475,True,True,False,False,True,True,True,True,False,False,False,False,False,False,True
V02Q1940476,True,True,False,False,True,True,True,True,False,False,False,False,False,False,True
V02Q1940477,True,True,False,False,True,True,True,True,False,False,False,False,False,False,True
V02Q1940478,True,True,False,False,True,True,True,True,False,False,False,False,False,False,True
V02Q1940479,True,True,False,False,True,True,True,True,False,False,False,False,False,False,True
V02Q1940481,True,True,False,False,True,True,True,True,False,False,False,False,False,False,True
V02Q1940482,True,True,False,False,True,True,True,True,False,False,False,False,False,False,True
V02Q1940483,True,True,False,False,True,True,True,True,False,False,False,False,False,False,True
V02Q1940484,True,True,False,False,True,True,True,True,False,False,False,False,False,False,True
V02Q1940486,True,True,False,False,True,True,True,True,False,False,False,False,False,False,True
V02Q1940493,True,True,False,False,True,True,True,True,False,False,False,False,False,False,True
V02Q1940495,True,True,False,False,True,True,True,True,False,False,False,False,False,False,True
V02Q1940498,True,True,False,False,True,True,True,True,False,False,False,False,False,False,True
V02Q1940499,True,True,False,False,True,True,True,True,False,False,False,False,False,False,True
V02Q1940500,True,True,False,False,True,True,True,True,False,False,False,False,False,False,True
V02Q1940507,True,True,False,False,True,True,True,True,False,False,False,False,False,False,True
V02Q1940508,True,True,False,False,True,True,True,True,False,False,False,False,False,False,True
V02Q1940510,True,True,False,False,True,True,True,True,False,False,False,False,False,False,True
V02Q1940512,True,True,False,False,True,True,True,True,False,False,False,False,False,False,True
V02Q1940515,True,True,False,False,True,True,True,True,False,False,False,False,False,False,True
V02Q1940517,True,True,False,False,True,True,True,True,False,False,False,False,False,False,True
V02Q1940522,True,True,False,False,True,True,True,True,False,False,False,False,False,False,False
V02Q1940524,True,True,False,False,True,True,True,True,False,False,False,False,False,False,True
V02Q1940525,True,True,False,False,True,True,True,True,False,False,False,False,False,False,True
V02Q1940527,True,True,False,False,True,True,True,True,False,False,False,False,False,False,False
V02Q1940532,True,True,False,False,True,True,True,True,False,False,False,False,False,False,True
V02Q1940533,True,True,False,False,True,True,True,True,False,False,False,False,False,False,True
V02Q1940536,True,True,False,False,True,True,True,True,False,False,False,False,False,False,True
V02Q1940537,True,True,False,False,True,True,True,True,False,False,False,False,False,False,True
V02Q1940538,True,True,False,False,True,True,True,True,False,False,False,False,False,False,True
V02Q1940540,True,True,False,False,True,True,True,True,False,False,False,False,False,False,True
V02Q1940541,True,True,False,False,True,True,True,True,False,False,False,False,False,False,False
V02Q1940544,True,True,False,False,True,True,True,True,False,False,False,False,False,False,True
V02Q1940546,True,True,False,False,True,True,True,True,False,False,False,False,False,False,False
V02Q1940548,True,True,False,False,True,True,True,True,False,False,False,False,False,False,True
V02Q1940549,True,True,False,False,True,True,True,True,False,False,False,False,False,False,True
V02Q1940550,True,True,False,False,True,True,True,True,False,False,False,False,False,False,True
V02Q1940552,True,True,False,False,True,True,True,True,False,False,False,False,False,False,True
V02Q1940553,True,True,False,False,True,True,True,True,False,False,False,False,False,False,True
V02Q1940554,True,True,False,False,True,True,True,True,False,False,False,False,False,False,False
V02Q1940555,True,True,False,False,True,True,True,True,False,False,False,False,False,False,True
V02Q1940557,True,True,False,False,True,True,True,True,False,False,False,False,False,False,True
V02Q1940558,True,True,False,False,True,True,True,True,False,False,False,False,False,False,True
V02Q1940559,True,True,False,False,True,True,True,True,False,False,False,False,False,False,True
V02Q1940560,True,True,False,False,True,True,True,True,False,False,False,False,False,False,True
V02Q1940561,True,True,False,False,True,True,True,True,False,False,False,False,False,False,True
V02Q1940562,True,True,False,False,True,True,True,True,False,False,False,False,False,False,True
V02Q1940564,True,True,False,False,True,True,True,True,False,False,False,False,False,False,True
V02Q1940566,True,True,False,False,True,True,True,True,False,False,False,False,False,False,True
V02Q1940567,True,True,False,False,True,True,True,True,False,False,False,False,False,False,True
V02Q1940568,True,True,False,False,True,True,True,True,False,False,False,False,False,False,False
V02Q1940570,True,True,False,False,True,True,True,True,False,False,False,False,False,False,False
V02Q1940571,True,True,False,False,True,True,True,True,False,False,False,False,False,False,True
V02Q1940572,True,True,False,False,True,True,True,True,False,False,False,False,False,False,True
V02Q1940573,True,True,False,False,True,True,True,True,False,False,False,False,False,False,True
V02Q1940577,True,True,False,False,True,True,True,True,False,False,False,False,False,False,True
V02Q1940578,True,True,False,False,True,True,True,True,False,False,False,False,False,False,True
V02Q1940584,True,True,False,False,True,True,True,True,False,False,False,False,False,False,True
V02Q1940589,True,True,False,False,True,True,True,True,False,False,False,False,False,False,True
V02Q1940591,True,True,False,False,True,True,True,True,False,False,False,False,False,False,True
V02Q1940596,True,True,False,False,True,True,True,True,False,False,False,False,False,False,False
V02Q1940597,True,True,False,False,True,True,True,True,False,False,False,False,False,False,True
V02Q1940598,True,True,False,False,True,True,True,True,False,False,False,False,False,False,True
V02Q1940599,True,True,False,False,True,True,True,True,False,False,False,False,False,False,True
V02Q1940600,True,True,False,False,True,True,True,True,False,False,False,False,False,False,True
V02Q1940602,True,True,False,False,True,True,True,False,False,False,False,False,False,False,True
V02Q1940604,True,True,False,False,True,True,True,True,False,False,False,False,False,False,True
V02Q1940608,True,True,False,False,True,True,True,True,False,False,False,False,False,False,True
V02Q1940625,True,True,False,False,True,True,True,True,False,False,False,False,False,False,True
V02Q1940633,True,True,False,False,True,True,True,True,False,False,False,False,False,False,True
V02Q1940637,True,True,False,False,True,True,True,True,False,False,False,False,False,False,True
V02Q1940641,True,True,False,False,True,True,True,True,False,False,False,False,False,False,True
V02Q1940648,True,True,False,False,True,True,True,True,False,False,False,False,False,False,True
V02Q1940651,True,True,False,False,True,True,True,True,False,False,False,False,False,False,True
V02Q1940652,True,True,False,False,True,True,True,True,False,False,False,False,False,False,True
V02Q1940656,True,True,False,False,True,True,True,True,False,False,False,False,False,False,True
V02Q1940657,True,True,False,False,True,True,True,True,False,False,False,False,False,False,True
V02Q1940658,True,True,False,False,True,True,True,True,False,False,False,False,False,False,True
V02Q1940659,True,True,False,False,True,True,True,True,False,False,False,False,False,False,True
V02Q1940660,True,True,False,False,True,True,True,True,False,False,False,False,False,False,True
V02Q1940663,True,True,False,False,True,True,True,True,False,False,False,False,False,False,True
V02Q1940664,True,True,False,False,True,True,True,True,False,False,False,False,False,False,True
V02Q1940665,True,True,False,False,True,True,True,True,False,False,False,False,False,False,True
V02Q1940666,True,True,False,False,True,True,True,True,False,False,False,False,False,False,True
V02Q1940667,True,True,False,False,True,True,True,True,False,False,False,False,False,False,True
V02Q1940668,True,True,False,False,True,True,True,True,False,False,False,False,False,False,True
V02Q1940669,True,True,False,False,True,True,True,True,False,False,False,False,False,False,True
V02Q1940671,True,True,False,False,True,True,True,True,False,False,False,False,False,False,True
V02Q1940672,True,True,False,False,True,True,True,True,False,False,False,False,False,False,True
V02Q1940673,True,True,False,False,True,True,True,True,False,False,False,False,False,False,True
V02Q1940674,True,True,False,False,True,True,True,True,False,False,False,False,False,False,True
V02Q1940675,True,True,False,False,True,True,True,True,False,False,False,False,False,False,True
V02Q1940676,True,True,False,False,True,True,True,True,False,False,False,False,False,False,True
V02Q1940677,True,True,False,False,True,True,True,True,False,False,False,False,False,False,True
V02Q1940678,True,True,False,False,True,True,True,True,False,False,False,False,False,False,True
V02Q1940680,True,True,False,False,True,True,True,True,False,False,False,False,False,False,True
V02Q1940681,True,True,False,False,True,True,True,True,False,False,False,False,False,False,True
V02Q1940682,True,True,False,False,True,True,True,True,False,False,False,False,False,False,True
V02Q1940683,True,True,False,False,True,True,True,True,False,False,False,False,False,False,True
V02Q1940685,True,True,False,False,True,True,True,True,False,False,False,False,False,False,True
V02Q1940686,True,True,False,False,True,True,True,True,False,False,False,False,False,False,True
V02Q1940687,True,True,False,False,True,True,True,True,False,False,False,False,False,False,True
V02Q1940689,True,True,False,False,True,True,True,True,False,False,False,False,False,False,True
V02Q1940690,True,True,False,False,True,True,True,True,False,False,False,False,False,False,True
V02Q1940692,True,True,False,False,True,True,True,True,False,False,False,False,False,False,True
V02Q1940693,True,True,False,False,True,True,True,True,False,False,False,False,False,False,True
V02Q1940694,True,True,False,False,True,True,True,True,False,False,False,False,False,False,True
V02Q1940695,True,True,False,False,True,True,True,True,False,False,False,False,False,False,False
V02Q1940698,True,True,False,False,True,True,True,True,False,False,False,False,False,False,True
V02Q1940699,True,True,False,False,True,True,True,True,False,False,False,False,False,False,True
V02Q1940701,True,True,False,False,True,True,True,True,False,False,False,False,False,False,True
V02Q1940702,True,True,False,False,True,True,True,True,False,False,False,False,False,False,True
V02Q1940703,True,True,False,False,True,True,True,False,False,False,False,False,False,False,True
V02Q1940704,True,True,False,False,True,True,True,True,False,False,False,False,False,False,True
V02Q1940710,True,True,False,False,True,True,True,True,False,False,False,False,False,False,True
V02Q1940712,True,True,False,False,True,True,True,True,False,False,False,False,False,False,True
V02Q1940715,True,True,False,False,True,True,True,True,False,False,False,False,False,False,True
V02Q1940716,True,True,False,False,True,True,True,True,False,False,False,False,False,False,False
V02Q1940718,True,True,False,False,True,True,True,True,False,False,False,False,False,False,False
V02Q1940719,True,True,False,False,True,True,True,True,False,False,False,False,False,False,False
V02Q1940720,True,True,False,False,True,True,True,True,False,False,False,False,False,False,False
V02Q1940721,True,True,False,False,True,True,True,True,False,False,False,False,False,False,False
V02Q1940726,True,True,False,False,True,True,True,True,False,False,False,False,False,False,True
V02Q1940727,True,True,False,False,True,True,True,True,False,False,False,False,False,False,False
V02Q1940729,True,True,False,False,True,True,True,True,False,False,False,False,False,False,False
V02Q1940730,True,True,False,False,True,True,True,True,False,False,False,False,False,False,True
V02Q1940731,True,True,False,False,True,True,True,True,False,False,False,False,False,False,True
V02Q1940746,True,True,False,False,True,True,True,True,False,False,False,False,False,False,True
V02Q1940751,True,True,False,False,True,True,True,True,False,False,False,False,False,False,True
V02Q1940752,True,True,False,False,True,True,True,True,False,False,False,False,False,False,False
V02Q1940755,True,True,False,False,True,True,True,True,False,False,False,False,False,False,True
V02Q1940763,True,True,False,False,True,True,True,True,False,False,False,False,False,False,True
V02Q1940770,True,True,False,False,True,True,True,True,False,False,False,False,False,False,True
V02Q1940777,True,True,False,False,True,True,True,True,False,False,False,False,False,False,True
V02Q1940778,True,True,False,False,True,True,True,True,False,False,False,False,False,False,True
V02Q1940779,True,True,False,False,True,True,True,True,False,False,False,False,False,False,True
V02Q1940780,True,True,False,False,True,True,True,True,False,False,False,False,False,False,True
V02Q1940783,True,True,False,False,True,True,True,True,False,False,False,False,False,False,True
V02Q1940794,True,True,False,False,True,True,True,True,False,False,False,False,False,False,True
V02Q1940795,True,True,False,False,True,True,True,True,False,False,False,False,False,False,True
V02Q1940797,True,True,False,False,True,True,True,True,False,False,False,False,False,False,True
V02Q1940798,True,True,False,False,True,True,True,True,False,False,False,False,False,False,True
V02Q1940799,True,True,False,False,True,True,True,True,False,False,False,False,False,False,True
V02Q1940802,True,True,False,False,True,True,True,True,False,False,False,False,False,False,True
V02Q1940803,True,True,False,False,True,True,True,True,False,False,False,False,False,False,True
V02Q1940805,True,True,False,False,True,True,True,True,False,False,False,False,False,False,True
V02Q1940806,True,True,False,False,True,True,True,True,False,False,False,False,False,False,True
V02Q1940807,True,True,False,False,True,True,True,True,False,False,False,False,False,False,True
V02Q1940808,True,True,False,False,True,True,True,True,False,False,False,False,False,False,True
V02Q1940810,True,True,False,False,True,True,True,True,False,False,False,False,False,False,True
V02Q1940817,True,True,False,False,True,True,True,True,False,False,False,False,False,False,True
V02Q1940818,True,True,False,False,True,True,True,True,False,False,False,False,False,False,False
V02Q1940822,True,True,False,False,True,True,True,True,False,False,False,False,False,False,True
V02Q1940823,True,True,False,False,True,True,True,True,False,False,False,False,False,False,True
V02Q1940824,True,True,True,True,True,True,True,True,False,False,False,False,False,False,True
V02Q1940827,True,True,False,False,True,True,True,True,False,False,False,False,False,False,True
V02Q1940829,True,True,True,True,True,True,True,True,False,False,False,False,False,False,True
V02Q1940830,True,True,True,True,True,True,True,True,False,False,False,False,False,False,True
V02Q1940831,True,True,False,False,True,True,True,False,False,False,False,False,False,False,True
V02Q1940837,True,True,False,False,True,True,True,True,False,False,False,False,False,False,False
V02Q1940839,True,True,False,False,True,True,True,True,False,False,False,False,False,False,False
V02Q1940840,True,True,False,False,True,True,True,True,False,False,False,False,False,False,True
V02Q1940841,True,True,False,False,True,True,True,True,False,False,False,False,False,False,False
V02Q1940843,True,True,False,False,True,True,True,True,False,False,False,False,False,False,True
V02Q1940844,True,True,False,False,True,True,True,True,False,False,False,False,False,False,True
V02Q1940846,True,True,False,False,True,True,True,True,False,False,False,False,False,False,True
V02Q1940848,True,True,False,False,True,True,True,True,False,False,False,False,False,False,False
V02Q1940850,True,True,False,False,True,True,True,True,False,False,False,False,False,False,True
V02Q1940851,True,True,False,False,True,True,True,True,False,False,False,False,False,False,True
V02Q1940853,True,True,False,False,True,True,True,True,False,False,False,False,False,False,True
V02Q1940855,True,True,False,False,True,True,True,True,False,False,False,False,False,False,True
V02Q1940856,True,True,False,False,True,True,True,True,False,False,False,False,False,False,True
V02Q1940857,True,True,False,False,True,True,True,True,False,False,False,False,False,False,True
V02Q1940859,True,True,False,False,True,True,True,True,False,False,False,False,False,False,False
V02Q1940872,True,True,False,False,True,True,True,True,False,False,False,False,False,False,True
V02Q1940874,True,True,False,False,True,True,True,True,False,False,False,False,False,False,True
V02Q1940875,True,True,False,False,True,True,True,True,False,False,False,False,False,False,True
V02Q1940877,True,True,False,False,True,True,True,True,False,False,False,False,False,False,True
V02Q1940878,True,True,True,True,True,True,True,True,False,False,False,False,False,False,True
V02Q1940881,True,True,False,False,True,True,True,True,False,False,False,False,False,False,True
V02Q1940882,True,True,False,False,True,True,True,True,False,False,False,False,False,False,False
V02Q1940883,True,True,False,False,True,True,True,True,False,False,False,False,False,False,True
V02Q1940884,True,True,False,False,True,True,True,True,False,False,False,False,False,False,True
V02Q1940885,True,True,False,False,True,True,True,True,False,False,False,False,False,False,True
V02Q1940886,True,True,False,False,True,True,True,True,False,False,False,False,False,False,True
V02Q1940889,True,True,False,False,True,True,True,True,False,False,False,False,False,False,True
V02Q1940935,True,True,False,False,True,True,True,False,False,False,False,False,False,False,True
V02Q1940944,True,True,False,False,True,True,True,True,False,False,False,False,False,False,False
V02Q1940948,True,True,False,False,True,True,True,True,False,False,False,False,False,False,True
V02Q1940949,True,True,False,False,True,True,True,True,False,False,False,False,False,False,True
V02Q1940950,True,True,False,False,True,True,True,True,False,False,False,False,False,False,True
V02Q1941000,True,True,False,False,True,True,True,False,False,False,False,False,False,False,True
V02Q1941013,True,True,False,False,True,True,True,False,False,False,False,False,False,False,True
OC3CL200010,True,True,False,False,True,True,True,True,True,False,False,False,True,True,True
OC3CL200011,True,True,False,False,False,True,True,False,True,False,False,False,True,True,True
OC3CL200017,True,True,False,False,False,True,True,False,True,False,False,False,False,False,True
OC3CL200018,True,True,False,False,False,True,True,False,True,False,False,False,False,False,True
OC3CL200020,True,True,False,False,False,False,True,False,False,False,False,False,False,False,True
OC3CL200021,True,True,False,False,False,False,True,False,False,False,False,False,False,False,True
OC3CL200022,True,True,False,False,False,False,True,False,False,False,False,False,False,False,True
OC3CL200023,True,True,False,False,False,False,True,False,False,False,False,False,False,False,True
OC3CL200031,True,True,False,False,False,False,True,False,False,False,False,False,False,False,True
OC3CL200032,True,True,False,False,False,False,True,False,False,False,False,False,False,False,True
OC3CL200033,True,True,False,False,False,False,True,False,False,False,False,False,False,False,True
OC3CL200054,True,True,False,False,False,False,True,False,False,False,False,False,False,False,True
OC3CL200055,True,True,False,False,False,False,True,False,False,False,False,False,False,False,True
OC3CL200056,True,True,False,False,False,False,True,False,False,False,False,False,False,False,True
OC3CL200060,True,True,False,False,True,True,True,False,False,False,False,False,True,True,True
OC3CL200061,True,True,False,False,True,True,True,False,False,False,False,False,True,True,True
OC3CL200062,True,True,False,False,True,True,True,False,False,False,False,False,True,True,True
OC3CL200065,True,True,False,False,True,True,True,False,False,False,False,False,False,False,True
OC3CL200068,True,True,False,False,True,True,True,False,False,False,False,False,False,False,True
OC3CL200070,True,True,False,False,False,False,True,False,False,False,False,False,False,False,True
OC3CL200071,True,True,False,False,False,False,True,False,False,False,False,False,False,False,True
OC3CL200072,True,True,False,False,False,False,True,False,False,False,False,False,False,False,True
OC3CL200073,True,True,False,False,False,False,True,False,False,False,False,False,False,False,True
OC3CL200075,True,True,False,False,False,False,True,False,False,False,False,False,False,False,True
OC3CL200076,True,True,False,False,False,False,True,False,False,False,False,False,False,False,True
OC3CL200077,True,True,False,False,False,False,True,False,False,False,False,False,False,False,True
OC3CL200078,True,True,False,False,False,False,True,False,False,False,False,False,False,False,True
OC3CL200079,True,True,False,False,False,False,True,False,False,False,False,False,False,False,True
OC3CL200081,True,True,False,False,True,False,True,False,False,False,False,False,False,False,True
OC3CL200083,True,True,False,False,True,False,True,False,False,False,False,False,False,False,True
OC3CL200084,True,True,False,False,True,False,True,False,False,False,False,False,False,False,True
OC3CL200085,True,True,False,False,True,False,True,False,False,False,False,False,False,False,True
OC3CL200086,True,True,False,False,True,False,True,False,False,False,False,False,False,False,True
OC3CL200095,True,True,False,False,False,False,True,False,False,False,False,False,False,False,True
OC3CL200096,True,True,False,False,False,False,True,False,False,False,False,False,False,False,True
OC3CL200098,True,True,False,False,False,False,True,False,False,False,False,False,False,False,True
OC3CL200099,True,True,False,False,False,False,True,False,False,False,False,False,False,False,True
OC3CL200101,True,True,False,False,False,False,True,False,False,False,False,False,False,False,True
OC3CL200102,True,True,False,False,False,False,True,False,False,False,False,False,False,False,True
OC3CL200103,True,True,False,False,False,False,True,False,False,False,False,False,False,False,True
OC3CL200106,True,True,False,False,False,False,True,False,False,False,False,False,False,False,True
OC3CL200107,True,True,False,False,False,False,True,False,False,False,False,False,False,False,True
OC3CL200108,True,True,False,False,False,False,True,False,False,False,False,False,False,False,True
OC3CL200110,True,True,False,False,False,False,True,False,False,False,False,False,False,False,True
OC3CL200114,True,True,False,False,False,False,True,False,False,False,False,False,False,False,True
OC3CL200116,True,True,False,False,False,False,True,False,False,False,False,False,False,False,True
OC3CL200117,True,True,False,False,False,False,True,False,False,False,False,False,False,False,True
OC3CL200118,True,True,False,False,False,False,True,False,False,False,False,False,False,False,True
OC3CL200119,True,True,False,False,False,False,True,False,False,False,False,False,False,False,True
OC3CL200120,True,True,False,False,False,False,True,False,False,False,False,False,False,False,True
OC3CL200123,True,True,False,False,False,False,True,False,False,False,False,False,False,False,True
OC3CL200131,True,True,False,False,False,False,True,False,False,False,False,False,False,False,True
OC3CL200138,True,True,True,True,False,False,True,False,False,False,False,False,True,True,True
OC3CL200146,True,True,True,True,False,False,True,False,False,False,False,False,False,False,True
OC3CL200147,True,True,True,True,False,False,True,False,False,False,False,False,False,False,True
OC3CL200148,True,True,True,True,False,False,True,False,False,False,False,False,False,False,True
OC3CL200149,True,True,True,True,False,False,True,False,False,False,False,False,False,False,True
OC3CL200150,True,True,True,True,False,False,True,False,False,False,False,False,False,False,True
OC3CL200158,True,True,False,False,False,False,True,True,False,True,True,True,False,False,True
OC3CL200162,True,True,False,False,False,False,True,True,False,True,True,True,False,False,True
OC3CL200163,True,True,False,False,False,False,True,True,False,True,True,True,False,False,True
OC3CL200164,True,True,False,False,False,False,True,True,False,True,True,True,False,False,True
OC3CL200171,True,True,False,False,False,False,True,True,False,False,False,False,False,False,True
OC3CL200195,True,True,False,False,False,False,True,False,False,False,False,False,False,False,True
OC3CL200196,True,True,False,False,False,False,True,False,False,False,False,False,False,False,True
OC3CL200197,True,True,False,False,False,False,True,False,False,False,False,False,False,False,True
OC3CL200198,True,True,False,False,False,False,True,False,False,False,False,False,False,False,True
OC3CL200199,True,True,False,False,False,False,True,False,False,False,False,False,False,False,True
OC3CL200200,True,True,False,False,False,False,True,False,False,False,False,False,False,False,True
OC3CL200205,True,True,False,False,False,False,True,False,False,True,True,True,True,True,True
OC3CL200207,True,True,False,False,False,False,True,False,False,True,True,True,True,True,True
OC3CL200208,True,True,False,False,False,False,True,False,False,True,True,True,True,True,False
OC3CL200214,True,True,False,False,False,False,True,False,False,False,False,False,False,False,True
OC3CL200215,True,True,False,False,False,False,True,False,False,False,False,False,False,False,True
OC3CL200216,True,True,False,False,False,False,True,False,False,False,False,False,False,False,True
OC3CL200217,True,True,False,False,False,False,True,False,False,False,False,False,False,False,True
OC3CL200218,True,True,False,False,False,False,True,False,False,False,False,False,False,False,True
OC3CL200222,True,True,False,False,False,False,True,False,False,False,False,False,False,False,True
OC3CL200223,True,True,False,False,False,False,True,False,False,False,False,False,False,False,True
OC3CL200224,True,True,False,False,False,False,True,False,False,False,False,False,False,False,True
OC3CL200227,True,True,False,False,False,False,True,False,False,False,False,False,False,False,True
OC3CL200228,True,True,False,False,False,False,True,False,False,False,False,False,False,False,True
OC3CL200229,True,True,False,False,False,False,True,False,False,False,False,False,False,False,True
OC3CL200230,True,True,True,True,True,True,True,True,False,True,True,True,True,False,True
OC3CL200231,True,True,True,True,True,True,True,True,False,True,True,True,True,True,True
OC3CL200233,True,True,True,True,True,True,True,True,False,True,True,True,True,True,True
OC3CL200234,True,True,True,True,True,True,True,True,False,True,True,True,True,True,True
OC3CL200235,True,True,True,True,True,True,True,True,False,True,True,True,True,True,True
OC3CL200236,True,True,True,True,True,True,True,True,False,True,True,True,True,True,True
OC3CL200237,True,True,True,True,True,True,True,True,False,True,True,True,True,True,True
OC3CL200238,True,True,True,True,False,False,True,True,False,False,False,False,True,True,True
OC3CL200239,True,True,True,True,True,True,True,True,False,True,True,True,True,True,True
OC3CL200240,True,True,True,True,True,True,True,True,False,True,True,True,True,True,True
OC3CL200241,True,True,True,True,True,True,True,True,False,True,True,True,True,True,True
OC3CL200242,True,True,True,True,True,True,True,True,False,True,True,True,True,True,True
OC3CL200243,True,True,True,True,True,True,True,True,False,True,True,True,True,True,True
OC3CL200244,True,True,True,True,True,True,True,True,False,True,True,True,True,True,True
OC3CL200245,True,True,False,False,False,False,False,False,False,False,False,False,False,False,True
OC3CL200246,True,True,True,True,True,True,True,True,False,True,True,True,True,True,True
OC3CL200248,True,True,True,True,True,True,True,True,False,True,True,True,True,True,True
OC3CL200249,True,True,True,True,True,True,True,True,False,True,True,True,True,True,True
OC3CL200250,True,True,True,True,True,True,True,True,False,True,True,True,True,True,True
OC3CL200251,True,True,True,True,True,True,True,True,False,True,True,True,True,True,True
OC3CL200252,True,True,True,True,True,True,True,True,False,True,True,True,True,True,True
OC3CL200253,True,True,True,True,True,True,True,True,False,True,True,True,True,True,True
OC3CL200255,True,True,True,True,True,True,True,True,False,True,True,True,True,True,True
OC3CL200256,True,True,False,False,True,True,True,True,False,True,True,True,True,True,True
OC3CL200257,True,True,True,True,True,True,True,True,False,True,True,True,True,True,True
V02Q1940044,True,True,False,False,True,True,True,True,False,False,False,False,False,False,True
V02Q1940046,True,True,False,False,True,True,True,True,False,False,False,False,False,False,True
V02Q1940047,True,True,False,False,True,True,True,True,False,False,False,False,False,False,True
V02Q1940049,True,True,False,False,True,True,True,True,False,False,False,False,False,False,True
V02Q1940050,True,True,False,False,True,True,True,True,False,False,False,False,False,False,True
V02Q1940051,True,True,False,False,True,True,True,True,False,False,False,False,False,False,True
V02Q1940052,True,True,False,False,True,True,True,True,False,False,False,False,False,False,True
V02Q1940054,True,True,False,False,True,True,True,True,False,False,False,False,False,False,True
V02Q1940055,True,True,False,False,True,True,True,True,False,False,False,False,False,False,True
V02Q1940058,True,True,False,False,True,True,True,True,False,False,False,False,False,False,True
V02Q1940059,True,True,False,False,True,True,True,True,False,False,False,False,False,False,True
V02Q1940060,True,True,False,False,True,True,True,True,False,False,False,False,False,False,True
V02Q1940062,True,True,False,False,True,True,True,True,False,False,False,False,False,False,True
V02Q1940063,True,True,False,False,True,True,True,True,False,False,False,False,False,False,True
V02Q1940064,True,True,False,False,True,True,True,True,False,False,False,False,False,False,True
V02Q1940065,True,True,False,False,True,True,True,True,False,False,False,False,False,False,True
V02Q1940066,True,True,False,False,True,True,True,True,False,False,False,False,False,False,True
V02Q1940067,True,True,False,False,True,True,True,True,False,False,False,False,False,False,False
V02Q1940068,True,True,False,False,True,True,True,True,False,False,False,False,False,False,True
V02Q1940069,True,True,False,False,True,True,True,True,False,False,False,False,False,False,True
V02Q1940070,True,True,False,False,True,True,True,True,False,False,False,False,False,False,True
V02Q1940073,True,True,False,False,True,True,True,True,False,False,False,False,False,False,True
V02Q1940079,True,True,True,True,True,True,True,True,False,True,True,True,True,True,True
V02Q1940081,True,True,False,False,True,True,True,True,False,False,False,False,False,False,True
V02Q1940082,True,True,False,False,True,True,True,True,False,False,False,False,False,False,True
V02Q1940083,True,True,False,False,True,True,True,True,False,False,False,False,False,False,True
V02Q1940084,True,True,False,False,True,True,True,True,False,False,False,False,False,False,True
V02Q1940085,True,True,False,False,True,True,True,True,False,False,False,False,False,False,True
V02Q1940086,True,True,False,False,True,True,True,True,False,False,False,False,False,False,True
V02Q1940088,True,True,False,False,True,True,True,True,False,False,False,False,False,False,False
V02Q1940089,True,True,False,False,True,True,True,True,False,False,False,False,False,False,True
V02Q1940092,True,True,False,False,True,True,True,True,False,False,False,False,False,False,True
V02Q1940095,True,True,False,False,True,True,True,True,True,False,False,False,False,False,True
V02Q1940096,True,True,False,False,True,True,True,True,False,False,False,False,False,False,True
V02Q1940097,True,True,False,False,True,True,True,True,False,False,False,False,False,False,True
V02Q1940098,True,True,False,False,True,True,True,True,False,False,False,False,False,False,True
V02Q1940099,True,True,False,False,True,True,True,True,False,False,False,False,False,False,True
V02Q1940100,True,True,False,False,True,True,True,True,False,False,False,False,False,False,True
V02Q1940101,True,True,False,False,True,True,True,True,False,False,False,False,False,False,True
V02Q1940102,True,True,False,False,True,True,True,True,False,False,False,False,False,False,True
V02Q1940104,True,True,False,False,True,True,True,True,False,False,False,False,False,False,True
V02Q1940105,True,True,False,False,True,True,True,True,False,False,False,False,False,False,True
V02Q1940106,True,True,False,False,True,True,True,True,False,False,False,False,False,False,True
V02Q1940108,True,True,False,False,True,True,True,True,False,False,False,False,False,False,True
V02Q1940109,True,True,False,False,True,True,True,True,False,False,False,False,False,False,True
V02Q1940111,True,True,False,False,True,True,True,True,False,False,False,False,False,False,True
V02Q1940112,True,True,False,False,True,True,True,True,True,False,False,False,False,False,True
V02Q1940113,True,True,False,False,True,True,True,True,False,False,False,False,False,False,True
V02Q1940114,True,True,False,False,True,True,True,True,False,False,False,False,False,False,True
V02Q1940115,True,True,False,False,True,True,True,True,False,False,False,False,False,False,False
V02Q1940116,True,True,False,False,True,True,True,True,False,False,False,False,False,False,True
V02Q1940117,True,True,False,False,True,True,True,True,False,False,False,False,False,False,True
V02Q1940118,True,True,False,False,True,True,True,True,False,False,False,False,False,False,True
V02Q1940119,True,True,False,False,True,True,True,True,False,False,False,False,False,False,True
V02Q1940120,True,True,False,False,True,True,True,True,False,False,False,False,False,False,True
V02Q1940122,True,True,False,False,True,True,True,True,False,False,False,False,False,False,True
V02Q1940123,True,True,False,False,True,True,True,True,False,False,False,False,False,False,True
V02Q1940124,True,True,False,False,True,True,True,True,False,False,False,False,False,False,True
V02Q1940125,True,True,False,False,True,True,True,True,False,False,False,False,False,False,True
V02Q1940126,True,True,False,False,True,True,True,True,False,False,False,False,False,False,True
V02Q1940129,True,True,False,False,True,True,True,True,False,False,False,False,False,False,True
V02Q1940130,True,True,False,False,True,True,True,True,False,False,False,False,False,False,True
V02Q1940131,True,True,False,False,True,True,True,True,False,False,False,False,False,False,True
V02Q1940134,True,True,False,False,True,True,True,True,False,False,False,False,False,False,True
V02Q1940136,True,True,False,False,True,True,True,True,False,False,False,False,False,False,True
V02Q1940138,True,True,False,False,True,True,True,True,False,False,False,False,False,False,True
V02Q1940141,True,True,False,False,True,True,True,True,False,False,False,False,False,False,True
V02Q1940143,True,True,False,False,True,True,True,True,False,False,False,False,False,False,True
V02Q1940144,True,True,False,False,True,True,True,True,False,False,False,False,False,False,True
V02Q1940145,True,True,False,False,True,True,True,True,False,False,False,False,False,False,True
V02Q1940147,True,True,False,False,True,True,True,True,False,False,False,False,False,False,True
V02Q1940148,True,True,False,False,True,True,True,True,False,False,False,False,False,False,True
V02Q1940149,True,True,False,False,True,True,True,True,False,False,False,False,False,False,True
V02Q1940152,True,True,False,False,True,True,True,True,False,False,False,False,False,False,True
V02Q1940156,True,True,False,False,True,True,True,True,False,False,False,False,False,False,True
V02Q1940158,True,True,False,False,True,True,True,True,False,False,False,False,False,False,True
V02Q1940160,True,True,False,False,True,True,True,True,False,False,False,False,False,False,True
V02Q1940161,True,True,False,False,True,True,True,True,False,False,False,False,False,False,True
V02Q1940162,True,True,False,False,True,True,True,True,False,False,False,False,False,False,True
V02Q1940163,True,True,False,False,True,True,True,True,False,False,False,False,False,False,True
V02Q1940164,True,True,False,False,True,True,True,True,False,False,False,False,False,False,True
V02Q1940166,True,True,False,False,True,True,True,True,False,False,False,False,False,False,True
V02Q1940167,True,True,False,False,True,True,True,True,False,False,False,False,False,False,True
V02Q1940173,True,True,False,False,True,True,True,True,False,False,False,False,False,False,True
V02Q1940175,True,True,False,False,True,True,True,True,False,False,False,False,False,False,True
V02Q1940177,True,True,False,False,True,True,True,True,False,False,False,False,False,False,True
V02Q1940178,True,True,False,False,True,True,True,True,False,False,False,False,False,False,True
V02Q1940179,True,True,False,False,True,True,True,True,False,False,False,False,False,False,True
V02Q1940180,True,True,False,False,True,True,True,True,False,False,False,False,False,False,True
V02Q1940182,True,True,False,False,True,True,True,True,False,False,False,False,False,False,True
V02Q1940187,True,True,False,False,True,True,True,True,False,False,False,False,False,False,True
V02Q1940189,True,True,False,False,True,True,True,True,False,False,False,False,False,False,True
V02Q1940190,True,True,False,False,True,True,True,True,False,False,False,False,False,False,True
V02Q1940192,True,True,False,False,True,True,True,True,False,False,False,False,False,False,True
V02Q1940193,True,True,False,False,True,True,True,True,False,False,False,False,False,False,True
V02Q1940194,True,True,False,False,True,True,True,True,False,False,False,False,False,False,True
V02Q1940201,True,True,False,False,True,True,True,True,False,False,False,False,False,False,True
V02Q1940202,True,True,False,False,True,True,True,True,False,False,False,False,False,False,True
V02Q1940204,True,True,False,False,True,True,True,True,False,False,False,False,False,False,True
V02Q1940206,True,True,False,False,True,True,True,True,False,False,False,False,False,False,True
V02Q1940209,True,True,False,False,True,True,True,True,False,False,False,False,False,False,True
V02Q1940224,True,True,False,False,True,True,True,True,False,False,False,False,False,False,True
V02Q1940239,True,True,True,True,True,True,True,True,False,True,True,True,True,True,True
V02Q1940240,True,True,False,False,True,True,True,True,True,False,False,False,False,False,True
V02Q1940246,True,True,False,False,True,True,True,True,False,False,False,False,False,False,True
V02Q1940249,True,True,False,False,True,True,True,True,False,False,False,False,False,False,True
V02Q1940258,True,True,False,False,True,True,True,True,True,False,False,False,False,False,True
V02Q1940259,True,True,False,False,True,True,True,True,False,False,False,False,False,False,True
V02Q1940261,True,True,False,False,True,True,True,True,False,False,False,False,False,False,True
V02Q1940263,True,True,False,False,True,True,True,True,False,False,False,False,False,False,True
V02Q1940268,True,True,False,False,True,True,True,True,False,False,False,False,False,False,True
V02Q1940270,True,True,False,False,True,True,True,True,True,False,False,False,False,False,True
V02Q1940273,True,True,False,False,True,True,True,True,False,False,False,False,False,False,True
V02Q1940276,True,True,False,False,True,True,True,True,False,False,False,False,False,False,True
V02Q1940278,True,True,False,False,True,True,True,True,False,False,False,False,False,False,False
V02Q1940280,True,True,False,False,True,True,True,True,False,False,False,False,False,False,True
V02Q1940282,True,True,False,False,True,True,True,True,False,False,False,False,False,False,True
V02Q1940283,True,True,False,False,True,True,True,True,False,False,False,False,False,False,True
V02Q1940284,True,True,False,False,True,True,True,True,False,False,False,False,False,False,True
V02Q1940285,True,True,False,False,True,True,True,True,False,False,False,False,False,False,True
V02Q1940286,True,True,False,False,True,True,True,True,False,False,False,False,False,False,True
V02Q1940287,True,True,False,False,True,True,True,True,False,False,False,False,False,False,True
V02Q1940288,True,True,False,False,True,True,True,True,False,False,False,False,False,False,True
V02Q1940289,True,True,False,False,True,True,True,True,False,False,False,False,False,False,True
V02Q1940292,True,True,False,False,True,True,True,True,False,False,False,False,False,False,True
V02Q1940293,True,True,False,False,True,True,True,True,False,False,False,False,False,False,True
V02Q1940294,True,True,False,False,True,True,True,True,False,False,False,False,False,False,True
V02Q1940295,True,True,False,False,True,True,True,True,False,False,False,False,False,False,True
V02Q1940296,True,True,False,False,True,True,True,True,False,False,False,False,False,False,True
V02Q1940297,True,True,False,False,True,True,True,True,False,False,False,False,False,False,True
V02Q1940301,True,True,False,False,True,True,True,True,False,False,False,False,False,False,True
V02Q1940304,True,True,False,False,True,True,True,True,False,False,False,False,False,False,True
V02Q1940305,True,True,False,False,True,True,True,True,False,False,False,False,False,False,True
V02Q1940308,True,True,False,False,True,True,True,True,False,False,False,False,False,False,True
V02Q1940309,True,True,False,False,True,True,True,True,False,False,False,False,False,False,True
V02Q1940310,True,True,False,False,True,True,True,True,False,False,False,False,False,False,True
V02Q1940312,True,True,False,False,True,True,True,True,True,False,False,False,False,False,True
V02Q1940313,True,True,False,False,True,True,True,True,False,False,False,False,False,False,True
V02Q1940315,True,True,False,False,True,True,True,True,False,False,False,False,False,False,True
V02Q1940316,True,True,False,False,True,True,True,True,False,False,False,False,False,False,True
V02Q1940319,True,True,False,False,True,True,True,True,False,False,False,False,False,False,True
V02Q1940322,True,True,False,False,True,True,True,True,False,False,False,False,False,False,True
V02Q1940327,True,True,False,False,True,True,True,True,False,False,False,False,False,False,True
V02Q1940328,True,True,False,False,True,True,True,True,False,False,False,False,False,False,True
V02Q1940330,True,True,False,False,True,True,True,True,False,False,False,False,False,False,True
V02Q1940335,True,True,False,False,True,True,True,True,False,False,False,False,False,False,True
V02Q1940344,True,True,False,False,True,True,True,True,False,False,False,False,False,False,True
V02Q1940348,True,True,False,False,True,True,True,True,False,False,False,False,False,False,True
V02Q1940351,True,True,False,False,True,True,True,True,False,False,False,False,False,False,True
V02Q1940356,True,True,False,False,True,True,True,True,False,False,False,False,False,False,True
V02Q1940357,True,True,False,False,True,True,True,True,False,False,False,False,False,False,True
V02Q1940361,True,True,False,False,True,True,True,True,False,False,False,False,False,False,True
V02Q1940362,True,True,False,False,True,True,True,True,False,False,False,False,False,False,True
V02Q1940363,True,True,False,False,True,True,True,True,False,False,False,False,False,False,True
V02Q1940364,True,True,False,False,True,True,True,True,True,False,False,False,False,False,False
V02Q1940367,True,True,False,False,True,True,True,True,True,False,False,False,False,False,True
V02Q1940368,True,True,False,False,True,True,True,True,False,False,False,False,False,False,True
V02Q1940371,True,True,False,False,True,True,True,True,False,False,False,False,False,False,True
V02Q1940375,True,True,False,False,True,True,True,True,False,False,False,False,False,False,True
V02Q1940379,True,True,False,False,True,True,True,True,False,False,False,False,False,False,True
V02Q1940380,True,True,False,False,True,True,True,True,False,False,False,False,False,False,True
V02Q1940381,True,True,False,False,True,True,True,True,False,False,False,False,False,False,True
V02Q1940382,True,True,False,False,True,True,True,True,False,False,False,False,False,False,True
V02Q1940383,True,True,False,False,True,True,True,True,False,False,False,False,False,False,True
V02Q1940384,True,True,False,False,True,True,True,True,False,False,False,False,False,False,True
V02Q1940385,True,True,False,False,True,True,True,True,False,False,False,False,False,False,True
V02Q1940387,True,True,False,False,True,True,True,True,False,False,False,False,False,False,True
V02Q1940388,True,True,False,False,True,True,True,True,False,False,False,False,False,False,True
V02Q1940389,True,True,False,False,True,True,True,True,False,False,False,False,False,False,True
V02Q1940391,True,True,False,False,True,True,True,True,False,False,False,False,False,False,True
V02Q1940392,True,True,False,False,True,True,True,True,False,False,False,False,False,False,True
V02Q1940393,True,True,False,False,True,True,True,True,False,False,False,False,False,False,True
V02Q1940395,True,True,False,False,True,True,True,True,True,False,False,False,False,False,True
V02Q1940396,True,True,False,False,True,True,True,True,False,False,False,False,False,False,True
V02Q1940397,True,True,False,False,True,True,True,True,False,False,False,False,False,False,True
V02Q1940399,True,True,False,False,True,True,True,True,False,False,False,False,False,False,True
V02Q1940400,True,True,False,False,True,True,True,True,False,False,False,False,False,False,True
V02Q1940401,True,True,False,False,True,True,True,True,False,False,False,False,False,False,True
V02Q1940402,True,True,False,False,True,True,True,True,False,False,False,False,False,False,True
V02Q1940403,True,True,False,False,True,True,True,True,False,False,False,False,False,False,True
V02Q1940406,True,True,False,False,True,True,True,True,False,False,False,False,False,False,True
V02Q1940411,True,True,False,False,True,True,True,True,False,False,False,False,False,False,True
V02Q1940412,True,True,False,False,True,True,True,True,False,False,False,False,False,False,True
V02Q1940413,True,True,False,False,True,True,True,True,True,False,False,False,False,False,True
V02Q1940415,True,True,False,False,True,True,True,True,False,False,False,False,False,False,True
V02Q1940416,True,True,False,False,True,True,True,True,False,False,False,False,False,False,True
V02Q1940418,True,True,False,False,True,True,True,True,False,False,False,False,False,False,True
V02Q1940419,True,True,False,False,True,True,True,True,False,False,False,False,False,False,True
V02Q1940420,True,True,False,False,True,True,True,True,False,False,False,False,False,False,True
V02Q1940422,True,True,False,False,True,True,True,True,False,False,False,False,False,False,True
V02Q1940423,True,True,False,False,True,True,True,True,False,False,False,False,False,False,True
V02Q1940424,True,True,False,False,True,True,True,True,False,False,False,False,False,False,True
V02Q1940425,True,True,False,False,True,True,True,True,False,False,False,False,False,False,True
V02Q1940426,True,True,False,False,True,True,True,True,False,False,False,False,False,False,True
V02Q1940427,True,True,False,False,True,True,True,True,False,False,False,False,False,False,True
V02Q1940432,True,True,False,False,True,True,True,True,False,False,False,False,False,False,True
V02Q1940439,True,True,False,False,True,True,True,True,False,False,False,False,False,False,True
V02Q1940441,True,True,False,False,True,True,True,True,False,False,False,False,False,False,True
V02Q1940442,True,True,False,False,True,True,True,True,False,False,False,False,False,False,True
V02Q1940443,True,True,False,False,True,True,True,True,False,False,False,False,False,False,True
V02Q1940449,True,True,False,False,True,True,True,True,False,False,False,False,False,False,True
V02Q1940450,True,True,False,False,True,True,True,True,False,False,False,False,False,False,True
V02Q1940451,True,True,False,False,True,True,True,True,False,False,False,False,False,False,True
V02Q1940453,True,True,False,False,True,True,True,True,True,False,False,False,False,False,True
V02Q1940454,True,True,False,False,True,True,True,True,False,False,False,False,False,False,True
V02Q1940455,True,True,False,False,True,True,True,True,False,False,False,False,False,False,True
V02Q1940456,True,True,False,False,True,True,True,True,False,False,False,False,False,False,True
V02Q1940459,True,True,False,False,True,True,True,True,False,False,False,False,False,False,False
V02Q1940460,True,True,False,False,True,True,True,True,False,False,False,False,False,False,True
V02Q1940461,True,True,False,False,True,True,True,True,False,False,False,False,False,False,True
V02Q1940463,True,True,False,False,True,True,True,True,False,False,False,False,False,False,True
V02Q1940464,True,True,False,False,True,True,True,True,False,False,False,False,False,False,True
V02Q1940466,True,True,False,False,True,True,True,True,False,False,False,False,False,False,False
V02Q1940467,True,True,False,False,True,True,True,True,False,False,False,False,False,False,True
V02Q1940469,True,True,False,False,True,True,True,True,False,False,False,False,False,False,True
V02Q1940470,True,True,False,False,True,True,True,True,False,False,False,False,False,False,True
V02Q1940471,True,True,False,False,True,True,True,True,False,False,False,False,False,False,True
V02Q1940472,True,True,False,False,True,True,True,True,True,False,False,False,False,False,True
V02Q1940473,True,True,False,False,True,True,True,True,False,False,False,False,False,False,True
V02Q1940480,True,True,False,False,True,True,True,True,False,False,False,False,False,False,True
V02Q1940487,True,True,False,False,True,True,True,True,False,False,False,False,False,False,False
V02Q1940488,True,True,False,False,True,True,True,True,False,False,False,False,False,False,True
V02Q1940489,True,True,False,False,True,True,True,True,False,False,False,False,False,False,True
V02Q1940490,True,True,False,False,True,True,True,True,False,False,False,False,False,False,True
V02Q1940491,True,True,False,False,True,True,True,True,False,False,False,False,False,False,True
V02Q1940492,True,True,False,False,True,True,True,True,False,False,False,False,False,False,True
V02Q1940494,True,True,False,False,True,True,True,True,False,False,False,False,False,False,True
V02Q1940496,True,True,False,False,True,True,True,True,True,False,False,False,False,False,True
V02Q1940497,True,True,False,False,True,True,True,True,False,False,False,False,False,False,True
V02Q1940501,True,True,False,False,True,True,True,True,False,False,False,False,False,False,True
V02Q1940502,True,True,False,False,True,True,True,True,False,False,False,False,False,False,True
V02Q1940503,True,True,False,False,True,True,True,True,False,False,False,False,False,False,True
V02Q1940504,True,True,False,False,True,True,True,True,False,False,False,False,False,False,True
V02Q1940506,True,True,False,False,True,True,True,True,False,False,False,False,False,False,True
V02Q1940509,True,True,False,False,True,True,True,True,False,False,False,False,False,False,True
V02Q1940511,True,True,False,False,True,True,True,True,False,False,False,False,False,False,True
V02Q1940514,True,True,False,False,True,True,True,True,False,False,False,False,False,False,True
V02Q1940516,True,True,False,False,True,True,True,True,False,False,False,False,False,False,True
V02Q1940518,True,True,False,False,True,True,True,True,False,False,False,False,False,False,True
V02Q1940519,True,True,False,False,True,True,True,True,False,False,False,False,False,False,True
V02Q1940520,True,True,False,False,True,True,True,True,False,False,False,False,False,False,True
V02Q1940521,True,True,False,False,True,True,True,True,False,False,False,False,False,False,True
V02Q1940526,True,True,False,False,True,True,True,True,False,False,False,False,False,False,True
V02Q1940528,True,True,False,False,True,True,True,True,False,False,False,False,False,False,True
V02Q1940530,True,True,False,False,True,True,True,True,False,False,False,False,False,False,True
V02Q1940531,True,True,False,False,True,True,True,True,False,False,False,False,False,False,True
V02Q1940539,True,True,False,False,True,True,True,True,False,False,False,False,False,False,True
V02Q1940542,True,True,False,False,True,True,True,True,False,False,False,False,False,False,True
V02Q1940543,True,True,False,False,True,True,True,True,False,False,False,False,False,False,True
V02Q1940545,True,True,False,False,True,True,True,True,False,False,False,False,False,False,True
V02Q1940551,True,True,False,False,True,True,True,True,False,False,False,False,False,False,True
V02Q1940556,True,True,False,False,True,True,True,True,False,False,False,False,False,False,True
V02Q1940563,True,True,False,False,True,True,True,True,False,False,False,False,False,False,True
V02Q1940565,True,True,False,False,True,True,True,True,False,False,False,False,False,False,True
V02Q1940569,True,True,False,False,True,True,True,True,False,False,False,False,False,False,True
V02Q1940576,True,True,False,False,True,True,True,True,False,False,False,False,False,False,True
V02Q1940579,True,True,False,False,True,True,True,True,False,False,False,False,False,False,True
V02Q1940580,True,True,False,False,True,True,True,True,True,False,False,False,False,False,True
V02Q1940581,True,True,False,False,True,True,True,True,False,False,False,False,False,False,True
V02Q1940582,True,True,False,False,True,True,True,True,False,False,False,False,False,False,True
V02Q1940583,True,True,False,False,True,True,True,True,False,False,False,False,False,False,True
V02Q1940585,True,True,False,False,True,True,True,True,False,False,False,False,False,False,True
V02Q1940586,True,True,False,False,True,True,True,True,False,False,False,False,False,False,True
V02Q1940587,False,False,True,True,False,False,True,False,False,True,True,True,True,True,True
V02Q1940588,True,True,False,False,True,True,True,True,False,False,False,False,False,False,True
V02Q1940590,True,True,False,False,True,True,True,True,False,False,False,False,False,False,True
V02Q1940592,True,True,False,False,True,True,True,True,False,False,False,False,False,False,True
V02Q1940594,True,True,False,False,True,True,True,True,False,False,False,False,False,False,True
V02Q1940601,True,True,False,False,True,True,True,True,False,False,False,False,False,False,True
V02Q1940603,True,True,False,False,True,True,True,True,False,False,False,False,False,False,True
V02Q1940605,True,True,False,False,True,True,True,True,False,False,False,False,False,False,True
V02Q1940606,True,True,False,False,True,True,True,True,False,False,False,False,False,False,True
V02Q1940607,True,True,False,False,True,True,True,True,False,False,False,False,False,False,True
V02Q1940609,True,True,False,False,True,True,True,True,False,False,False,False,False,False,True
V02Q1940610,True,True,False,False,True,True,True,True,False,False,False,False,False,False,False
V02Q1940611,True,True,False,False,True,True,True,True,False,False,False,False,False,False,True
V02Q1940612,True,True,False,False,True,True,True,True,False,False,False,False,False,False,True
V02Q1940613,True,True,False,False,True,True,True,True,False,False,False,False,False,False,True
V02Q1940614,True,True,False,False,True,True,True,True,False,False,False,False,False,False,True
V02Q1940615,True,True,False,False,True,True,True,True,False,False,False,False,False,False,True
V02Q1940616,True,True,False,False,True,True,True,True,False,False,False,False,False,False,True
V02Q1940617,True,True,False,False,True,True,True,True,False,False,False,False,False,False,True
V02Q1940618,True,True,False,False,True,True,True,True,False,False,False,False,False,False,True
V02Q1940619,True,True,False,False,True,True,True,True,False,False,False,False,False,False,True
V02Q1940620,True,True,False,False,True,True,True,True,False,False,False,False,False,False,True
V02Q1940621,True,True,False,False,True,True,True,True,False,False,False,False,False,False,True
V02Q1940622,True,True,False,False,True,True,True,True,False,False,False,False,False,False,True
V02Q1940623,True,True,False,False,True,True,True,True,False,False,False,False,False,False,True
V02Q1940626,True,True,False,False,True,True,True,True,False,False,False,False,False,False,True
V02Q1940627,True,True,False,False,True,True,True,True,False,False,False,False,False,False,True
V02Q1940629,True,True,False,False,True,True,True,True,False,False,False,False,False,False,True
V02Q1940631,True,True,False,False,True,True,True,True,False,False,False,False,False,False,True
V02Q1940632,True,True,False,False,True,True,True,True,False,False,False,False,False,False,True
V02Q1940634,True,True,False,False,True,True,True,True,False,False,False,False,False,False,True
V02Q1940635,True,True,False,False,True,True,True,True,False,False,False,False,False,False,True
V02Q1940636,True,True,False,False,True,True,True,True,False,False,False,False,False,False,True
V02Q1940638,True,True,False,False,True,True,True,True,False,False,False,False,False,False,True
V02Q1940639,True,True,False,False,True,True,True,True,False,False,False,False,False,False,True
V02Q1940640,True,True,False,False,True,True,True,True,False,False,False,False,False,False,True
V02Q1940642,True,True,False,False,True,True,True,True,False,False,False,False,False,False,True
V02Q1940643,True,True,False,False,True,True,True,True,False,False,False,False,False,False,True
V02Q1940644,True,True,False,False,True,True,True,True,False,False,False,False,False,False,True
V02Q1940646,True,True,False,False,True,True,True,True,False,False,False,False,False,False,True
V02Q1940647,True,True,False,False,True,True,True,True,False,False,False,False,False,False,True
V02Q1940650,True,True,False,False,True,True,True,True,False,False,False,False,False,False,True
V02Q1940653,True,True,False,False,True,True,True,True,False,False,False,False,False,False,True
V02Q1940654,True,True,False,False,True,True,True,True,False,False,False,False,False,False,False
V02Q1940655,True,True,False,False,True,True,True,True,False,False,False,False,False,False,True
V02Q1940670,True,True,False,False,True,True,True,True,False,False,False,False,False,False,True
V02Q1940679,True,True,False,False,True,True,True,True,False,False,False,False,False,False,True
V02Q1940684,True,True,False,False,True,True,True,True,False,False,False,False,False,False,True
V02Q1940688,True,True,False,False,True,True,True,True,False,False,False,False,False,False,True
V02Q1940696,True,True,False,False,True,True,True,True,False,False,False,False,False,False,True
V02Q1940697,True,True,False,False,True,True,True,True,False,False,False,False,False,False,True
V02Q1940700,True,True,False,False,True,True,True,True,False,False,False,False,False,False,True
V02Q1940705,True,True,False,False,True,True,True,True,False,False,False,False,False,False,True
V02Q1940706,True,True,False,False,True,True,True,True,False,False,False,False,False,False,True
V02Q1940707,True,True,False,False,True,True,True,True,False,False,False,False,False,False,True
V02Q1940708,True,True,False,False,True,True,True,True,False,False,False,False,False,False,True
V02Q1940709,True,True,False,False,True,True,True,True,False,False,False,False,False,False,True
V02Q1940711,True,True,False,False,True,True,True,True,False,False,False,False,False,False,True
V02Q1940713,True,True,False,False,True,True,True,True,False,False,False,False,False,False,True
V02Q1940714,True,True,False,False,True,True,True,True,False,False,False,False,False,False,True
V02Q1940717,True,True,False,False,True,True,True,True,False,False,False,False,False,False,True
V02Q1940723,True,True,False,False,True,True,True,True,False,False,False,False,False,False,True
V02Q1940724,True,True,False,False,True,True,True,True,False,False,False,False,False,False,True
V02Q1940728,True,True,False,False,True,True,True,True,False,False,False,False,False,False,True
V02Q1940732,True,True,False,False,True,True,True,True,False,False,False,False,False,False,True
V02Q1940733,True,True,False,False,True,True,True,True,False,False,False,False,False,False,True
V02Q1940735,True,True,False,False,True,True,True,True,False,False,False,False,False,False,True
V02Q1940736,True,True,False,False,True,True,True,True,False,False,False,False,False,False,True
V02Q1940737,True,True,False,False,True,True,True,True,False,False,False,False,False,False,True
V02Q1940738,True,True,False,False,True,True,True,True,False,False,False,False,False,False,True
V02Q1940739,True,True,False,False,True,True,True,True,False,False,False,False,False,False,True
V02Q1940740,True,True,False,False,True,True,True,True,False,False,False,False,False,False,True
V02Q1940741,True,True,False,False,True,True,True,True,False,False,False,False,False,False,True
V02Q1940742,True,True,False,False,True,True,True,True,False,False,False,False,False,False,True
V02Q1940743,True,True,False,False,True,True,True,True,False,False,False,False,False,False,True
V02Q1940744,True,True,False,False,True,True,True,True,False,False,False,False,False,False,True
V02Q1940745,True,True,False,False,True,True,True,True,False,False,False,False,False,False,True
V02Q1940747,True,True,False,False,True,True,True,True,False,False,False,False,False,False,True
V02Q1940748,True,True,False,False,True,True,True,True,False,False,False,False,False,False,False
V02Q1940749,True,True,False,False,True,True,True,True,False,False,False,False,False,False,True
V02Q1940753,True,True,False,False,True,True,True,True,False,False,False,False,False,False,True
V02Q1940754,True,True,False,False,True,True,True,True,False,False,False,False,False,False,True
V02Q1940756,True,True,False,False,True,True,True,True,False,False,False,False,False,False,True
V02Q1940757,True,True,False,False,True,True,True,True,False,False,False,False,False,False,True
V02Q1940758,True,True,False,False,True,True,True,True,False,False,False,False,False,False,True
V02Q1940759,True,True,False,False,True,True,True,True,False,False,False,False,False,False,True
V02Q1940760,True,True,False,False,True,True,True,True,False,False,False,False,False,False,True
V02Q1940761,True,True,False,False,True,True,True,True,False,False,False,False,False,False,True
V02Q1940762,True,True,False,False,True,True,True,True,False,False,False,False,False,False,True
V02Q1940764,True,True,False,False,True,True,True,True,False,False,False,False,False,False,True
V02Q1940765,True,True,False,False,True,True,True,True,False,False,False,False,False,False,True
V02Q1940766,True,True,False,False,True,True,True,True,False,False,False,False,False,False,True
V02Q1940767,True,True,False,False,True,True,True,True,False,False,False,False,False,False,True
V02Q1940768,True,True,False,False,True,True,True,True,False,False,False,False,False,False,True
V02Q1940769,True,True,False,False,True,True,True,True,False,False,False,False,False,False,True
V02Q1940771,True,True,False,False,True,True,True,True,False,False,False,False,False,False,True
V02Q1940772,True,True,False,False,True,True,True,True,False,False,False,False,False,False,True
V02Q1940773,True,True,False,False,True,True,True,True,False,False,False,False,False,False,True
V02Q1940774,True,True,False,False,True,True,True,True,False,False,False,False,False,False,True
V02Q1940775,True,True,False,False,True,True,True,True,False,False,False,False,False,False,True
V02Q1940776,True,True,False,False,True,True,True,True,False,False,False,False,False,False,True
V02Q1940781,True,True,False,False,True,True,True,True,False,False,False,False,False,False,True
V02Q1940784,True,True,False,False,True,True,True,True,False,False,False,False,False,False,True
V02Q1940785,True,True,False,False,True,True,True,True,False,False,False,False,False,False,True
V02Q1940786,True,True,False,False,True,True,True,True,False,False,False,False,False,False,True
V02Q1940787,True,True,False,False,True,True,True,True,False,False,False,False,False,False,True
V02Q1940788,True,True,False,False,True,True,True,True,False,False,False,False,False,False,True
V02Q1940790,True,True,False,False,True,True,True,True,False,False,False,False,False,False,True
V02Q1940791,True,True,False,False,True,True,True,True,False,False,False,False,False,False,True
V02Q1940792,True,True,False,False,True,True,True,True,False,False,False,False,False,False,True
V02Q1940793,True,True,False,False,True,True,True,True,False,False,False,False,False,False,True
V02Q1940800,True,True,False,False,True,True,True,True,False,False,False,False,False,False,True
V02Q1940801,True,True,False,False,True,True,True,True,False,False,False,False,False,False,True
V02Q1940804,True,True,False,False,True,True,True,True,True,False,False,False,False,False,True
V02Q1940809,True,True,False,False,True,True,True,True,False,False,False,False,False,False,True
V02Q1940811,True,True,False,False,True,True,True,True,False,False,False,False,False,False,True
V02Q1940812,True,True,True,True,True,True,True,True,False,False,False,False,False,False,True
V02Q1940813,True,True,True,True,True,True,True,True,False,False,False,False,False,False,True
V02Q1940814,True,True,False,False,True,True,True,True,True,False,False,False,False,False,True
V02Q1940815,True,True,True,True,True,True,True,True,False,False,False,False,False,False,True
V02Q1940816,True,True,True,True,True,True,True,True,False,False,False,False,False,False,True
V02Q1940819,True,True,False,False,True,True,True,True,False,False,False,False,False,False,True
V02Q1940820,True,True,False,False,True,True,True,True,False,False,False,False,False,False,True
V02Q1940821,True,True,False,False,True,True,True,True,False,False,False,False,False,False,True
V02Q1940825,True,True,False,False,True,True,True,True,False,False,False,False,False,False,True
V02Q1940826,True,True,False,False,True,True,True,True,False,False,False,False,False,False,True
V02Q1940828,True,True,False,False,True,True,True,True,True,False,False,False,False,False,True
V02Q1940832,True,True,False,False,True,True,True,True,False,False,False,False,False,False,True
V02Q1940833,True,True,True,True,True,True,True,True,False,False,False,False,False,False,True
V02Q1940834,True,True,False,False,True,True,True,True,False,False,False,False,False,False,True
V02Q1940835,True,True,False,False,True,True,True,True,False,False,False,False,False,False,True
V02Q1940842,True,True,False,False,True,True,True,True,True,False,False,False,False,False,True
V02Q1940845,True,True,False,False,True,True,True,True,False,False,False,False,False,False,True
V02Q1940847,True,True,False,False,True,True,True,True,False,False,False,False,False,False,True
V02Q1940849,True,True,False,False,True,True,True,True,False,False,False,False,False,False,True
V02Q1940852,True,True,False,False,True,True,True,True,False,False,False,False,False,False,True
V02Q1940854,True,True,False,False,True,True,True,True,False,False,False,False,False,False,True
V02Q1940858,True,True,False,False,True,True,True,True,False,False,False,False,False,False,True
V02Q1940860,True,True,False,False,True,True,True,True,False,False,False,False,False,False,True
V02Q1940861,True,True,False,False,True,True,True,True,True,False,False,False,False,False,True
V02Q1940862,True,True,False,False,True,True,True,True,False,False,False,False,False,False,True
V02Q1940863,True,True,True,True,True,True,True,True,False,False,False,False,False,False,True
V02Q1940864,True,True,False,False,True,True,True,True,True,False,False,False,False,False,True
V02Q1940865,True,True,False,False,True,True,True,True,True,False,False,False,False,False,True
V02Q1940866,True,True,False,False,True,True,True,True,False,False,False,False,False,False,True
V02Q1940867,True,True,False,False,True,True,True,True,True,False,False,False,False,False,True
V02Q1940868,True,True,False,False,True,True,True,True,True,False,False,False,False,False,True
V02Q1940869,True,True,False,False,True,True,True,True,True,False,False,False,False,False,True
V02Q1940870,True,True,False,False,True,True,True,True,True,False,False,False,False,False,True
V02Q1940871,True,True,False,False,True,True,True,True,True,False,False,False,False,False,True
V02Q1940873,True,True,False,False,True,True,True,True,False,False,False,False,False,False,True
V02Q1940876,True,True,False,False,True,True,True,True,False,False,False,False,False,False,True
V02Q1940879,True,True,False,False,True,True,True,True,False,False,False,False,False,False,True
V02Q1940887,True,True,False,False,True,True,True,True,False,False,False,False,False,False,True
V02Q1940888,True,True,False,False,True,True,True,True,False,False,False,False,False,False,True
V02Q1940941,True,True,False,False,True,True,True,True,False,False,False,False,False,False,True
V02Q1940942,True,True,False,False,True,True,True,True,False,False,False,False,False,False,True
V02Q1940943,True,True,False,False,True,True,True,True,False,False,False,False,False,False,True
V02Q1940945,True,True,False,False,True,True,True,True,False,False,False,False,False,False,True
V02Q1940946,True,True,False,False,True,True,True,True,False,False,False,False,False,False,True
V02Q1940947,True,True,False,False,True,True,True,True,False,False,False,False,False,False,True
V02Q1940951,True,True,False,False,True,True,True,True,False,False,False,False,False,False,False
V02Q1940952,True,True,False,False,True,True,True,True,False,False,False,False,False,False,True
V02Q1940953,True,True,False,False,True,True,True,True,False,False,False,False,False,False,True
V02Q1940954,False,False,False,False,True,True,True,True,False,False,False,False,False,False,True
V02Q1940955,True,True,False,False,True,True,True,True,False,False,False,False,False,False,True
V02Q1941006,True,True,False,False,True,True,True,False,False,False,False,False,False,False,True
V02Q1941015,True,True,False,False,True,True,True,False,False,False,False,False,False,False,True
OC3CL200136,True,True,True,True,False,False,True,False,False,False,False,False,True,True,True
V02Q1940523,True,True,False,False,True,True,True,True,False,False,False,False,False,False,False
OC3CL200247,True,True,True,True,True,True,True,True,False,True,True,True,True,True,True
OC3CL200143,True,True,True,True,False,False,True,False,False,False,False,False,False,False,True
OC3CL200074,True,True,False,False,False,False,True,False,False,False,False,False,False,False,False
OC3CL200156,True,True,False,False,False,False,True,True,False,True,True,True,False,False,False
V02Q1940045,True,True,False,False,True,True,True,True,False,False,False,False,False,False,True
OC3CL210300,True,True,False,False,True,True,True,True,False,False,False,False,False,False,False
V02Q1940302,True,True,False,False,True,True,True,True,False,False,False,False,False,False,True
V02Q1940447,True,True,False,False,True,True,True,True,False,False,False,False,False,False,True
V02Q1940307,True,True,False,False,True,True,True,True,False,False,False,False,False,False,False
V02Q1940197,True,True,False,False,True,True,True,True,False,False,False,False,False,False,False
V02Q1940133,True,True,False,False,True,True,True,True,False,False,False,False,False,False,False
V02Q1940836,True,True,True,True,True,True,True,True,False,False,False,False,False,False,False
V02Q1940630,True,True,False,False,True,True,True,True,False,False,False,False,False,False,False
V02Q1940725,True,True,False,False,True,True,True,True,False,False,False,False,False,False,False
V02Q1940691,True,True,False,False,True,True,True,True,False,True,False,False,False,False,False
V02Q1940796,True,True,False,False,True,True,True,True,False,False,False,False,False,False,False
V02Q1940505,True,True,False,False,True,True,True,True,False,False,False,False,False,False,False
OC3CL200194,True,True,False,False,False,False,True,False,False,False,False,False,False,False,False
V02Q1940408,True,True,False,False,True,True,True,True,False,False,False,False,False,False,False
V02Q1940376,True,True,False,False,True,True,True,True,False,False,False,False,False,False,False
V02Q1940421,True,True,False,False,True,True,True,True,False,False,False,False,False,False,False
V02Q1940155,True,True,False,False,True,True,True,True,False,False,False,False,False,False,False
V02Q1940457,True,True,False,False,True,True,True,True,False,False,False,False,False,False,False
V02Q1940661,True,True,False,False,True,True,True,True,False,False,False,False,False,False,False
V02Q1940624,True,True,False,False,True,True,True,True,False,False,False,False,False,False,False
V02Q1940043,True,True,False,False,True,True,True,True,False,False,False,False,False,False,False
V02Q1940056,True,True,False,False,True,True,True,True,False,False,False,False,False,False,False
V02Q1940628,True,True,False,False,True,True,True,True,False,False,False,False,False,False,False
V02Q1940513,True,True,False,False,True,True,True,True,False,False,False,False,False,False,False
V02Q1940734,True,True,False,False,True,True,True,True,False,False,False,False,False,False,False
V02Q1940071,True,True,False,False,True,True,True,True,True,False,False,False,False,False,False
V02Q1940534,True,True,False,False,True,True,True,True,False,False,False,False,False,False,False
V02Q1940535,True,True,False,False,True,True,True,True,False,False,False,False,False,False,False
V02Q1940433,True,True,False,False,True,True,True,True,False,False,False,False,False,False,False
V02Q1940094,True,True,False,False,True,True,True,True,False,False,False,False,False,False,False
V02Q1940789,True,True,False,False,True,True,True,True,False,False,False,False,False,False,False
V02Q1940782,True,True,False,False,True,True,True,True,False,False,False,False,False,False,False
V02Q1940274,True,True,False,False,True,True,True,True,False,False,False,False,False,False,False
V02Q1940662,True,True,False,False,True,True,True,True,False,False,False,False,False,False,False
V02Q1940575,True,True,False,False,True,True,True,True,False,False,False,False,False,False,False
V02Q1940838,True,True,True,True,True,True,True,True,False,False,False,False,False,False,False
V02Q1940750,True,True,False,False,True,True,True,True,True,False,False,False,False,False,False
V02Q1940722,True,True,False,False,True,True,True,True,False,False,False,False,False,False,False
V02Q1940593,True,True,False,False,True,True,True,True,False,False,False,False,False,False,False
OC3CL200112,True,True,False,False,False,False,True,False,False,False,False,False,False,False,False
OC3CL200254,True,True,True,True,True,True,True,True,False,True,True,True,True,True,True
OC3CL200315,True,True,True,True,True,True,True,True,False,True,True,True,False,False,False
V02Q1940485,True,True,False,False,True,True,True,True,False,False,False,False,False,False,False
V02Q1940398,True,True,False,False,True,True,True,True,False,False,False,False,False,False,False
OC3DL220020,True,True,False,False,False,False,True,False,False,False,False,False,False,False,False
OC3DL230025,True,True,False,False,True,True,True,True,False,True,True,True,False,False,True
OC3DL220022,True,True,False,False,False,False,True,False,False,False,False,False,False,False,False
OC3KL240006,True,True,False,False,False,False,False,False,False,False,False,False,False,False,False
OC3KL240004,True,True,False,False,False,False,False,False,False,False,False,False,False,False,False
OC3DL230026,True,True,False,False,True,True,True,True,False,True,True,True,False,False,True
OC3KL240005,True,True,False,False,False,False,False,False,False,False,False,False,False,False,False
OC3KL240013,True,True,False,False,True,True,True,True,False,True,True,False,False,False,False
V02Q1940574,True,True,False,False,True,True,True,True,False,False,False,False,False,False,False
V02Q1940595,True,True,False,False,True,True,True,True,False,False,False,False,False,False,False
V02Q2300002,True,True,False,False,False,False,True,False,False,False,False,False,False,False,False
V02Q2300007,True,True,False,False,False,False,False,False,False,False,False,False,False,False,False
V02Q2300001,True,True,False,False,False,False,True,False,False,False,False,False,False,False,False
V02Q2300006,True,True,False,False,False,False,False,False,False,False,False,False,False,False,False
OC3CL200301,True,True,False,False,False,False,False,False,False,False,False,False,False,False,False
OC3CL200302,False,True,False,False,False,False,False,False,False,False,False,False,False,False,False
OC3CL200303,False,True,False,False,False,False,False,False,False,False,False,False,False,False,False
OC3CL200310,False,True,False,False,True,True,True,True,False,False,False,False,False,False,False
OC3CL200311,True,True,False,False,True,True,True,True,False,False,False,False,False,False,False
OC3CL200312,False,True,False,False,False,False,True,True,False,False,False,False,False,False,False
OC3CL200313,False,True,False,False,False,False,True,True,False,False,False,False,False,False,False
OC3CL200314,True,True,True,True,False,False,False,False,False,False,False,False,False,False,False
OC3CL240002,True,True,False,False,False,False,False,False,False,False,False,False,False,False,False
OC3CL200307,False,True,False,False,True,True,True,True,False,True,True,True,False,False,False
OC3CL200308,True,True,False,False,True,True,True,True,False,True,True,True,False,False,False
OC3CL200309,False,True,False,False,True,True,True,True,False,True,True,True,False,False,False
OC3CL200319,True,True,False,False,True,True,True,True,False,True,True,True,False,False,False
OC3CL200318,False,True,False,False,False,False,False,False,False,False,False,False,False,False,False
OC3CL200317,False,True,False,False,False,False,False,False,False,False,False,False,False,False,False
OC3CL200316,False,True,False,False,False,False,False,False,False,False,False,False,False,False,False
OC3CL200320,False,False,False,False,False,False,False,False,False,False,False,False,False,False,False
OC3CL200321,False,True,False,False,False,False,False,False,False,False,False,False,False,False,False
OC3CL200322,False,False,False,False,False,False,False,False,False,False,False,False,False,False,False
OC3DL220021,True,True,False,False,False,False,True,False,False,False,False,False,False,False,False
OC3KL240014,True,True,False,False,True,True,True,True,False,True,True,False,False,False,False
OC3KL240015,True,True,False,False,True,True,True,True,False,True,True,False,False,False,False
V02Q2300003,True,True,False,False,False,False,False,False,False,False,False,False,False,False,False
OC3CL200258,True,True,False,False,True,True,True,True,False,True,True,True,False,True,True
V02Q1940649,True,True,False,False,True,True,True,True,False,False,False,False,False,False,False
V02Q1940087,True,True,False,False,True,True,True,True,False,False,False,False,False,False,False
OC3CL200232,True,True,True,True,True,True,True,True,False,True,True,True,True,True,True
OC3CL200226,True,True,False,False,False,False,True,False,False,False,False,False,False,False,False
V02Q1940080,True,True,False,False,True,True,True,True,False,False,False,False,False,False,False
V02Q1940165,True,True,False,False,True,True,True,True,False,False,False,False,False,False,False
V02Q1940880,True,True,False,False,True,True,True,True,False,False,False,False,False,False,False
OC3DL230027,True,True,False,False,True,True,True,True,False,True,True,False,False,False,True
